# tfrrs_meet	top_score	runner_score	tfrrs_location_raw   (ambiguous -> geocode pile)
7731	1.00	1.00	Rowan College @ Gloucester County Sewell, NJ 08080
9271	1.00	1.00	McDade Park Scranton, PA 18504
9090	1.00	1.00	Univ. of St. Joseph West Hartford, CT 06117
9080	1.00	1.00	Hopkinton State Fairgrounds 513 Park Ave Hopkinton, NH 03229
9222	1.00	1.00	Texas A&M International University 5201 University Blvd. Laredo, TX 78041
7849	1.00	1.00	bakersfield college balersfield, CA 93305
7900	1.00	1.00	Clackamas Community College 19600 Molalla Ave Oregon City, OR 97045
9082	1.00	1.00	West Texas A&M Univ. Canyon, TX Canyon, TX 79016
7757	1.00	1.00	Kingswood Park Mason, OH 45039
7803	1.00	1.00	Rock Hill, SC 29733
8369	1.00	1.00	Veterans Park, Hoover, Alabama Hoover, AL 35242
8149	1.00	1.00	NW Missouri Maryville, MO 12345
9215	1.00	1.00	Ozarks (Ark.) 1000 Market St Clarksville, AR 72830
10299	1.00	1.00	Chamizal National Memorial Park El Paso, TX 79905
10240	1.00	1.00	Red Rocks Park South Burlington, VT 05405
9567	1.00	1.00	SUNY Delhi Golf Course Delhi, NY 13753
7895	1.00	1.00	Hopkinton State Fairgrounds 513 Park Ave Hopkinton, NH 03229
15605	1.00	1.00	University of North Texas, Discovery Park 3940 N. Elm St. Denton, TX 76207
9102	1.00	1.00	Akron North Canton, OH 44720
9079	1.00	1.00	Weast Branch XC Course Lock Haven, PA 17745
9069	1.00	1.00	Pine View Golf Club 52065 Pulver Road Three Rivers, MI 49093
9140	1.00	1.00	Winthrop University Rock Hill, SC 34189
9744	1.00	1.00	Saxl Park Bangor, ME 04401
13234	1.00	1.00	Rebsamen Golf Course Little Rock, AR 72204
8338	1.00	1.00	Lower Woodland Park Seattle, WA 98103
14854	1.00	1.00	Sunken Meadow Kings Park, NY
8426	1.00	1.00	LHU XC Foundation Fields Lock Haven, PA 17745
8444	1.00	1.00	Riverside City Cross Country Course Riverside, CA 92501
8439	1.00	1.00	Angel Mounds Cross Country Course Evansville, IN 47714
8333	1.00	1.00	West Texas A&M Univ Canyon, TX 79016
16053	1.00	1.00	St. Vincent Abington, PA
15971	1.00	1.00	SUNY Plattsburgh Plattsburgh, NY 12901
9223	1.00	1.00	Oakville Indian Mounds Course Danville, AL 35601
9227	1.00	1.00	Davis & Elkins, WV Elkins, WV 26241
9289	1.00	1.00	Roger Lake Kristi Greenville, NC 27858
9233	1.00	1.00	Mounty Marty College Yankton, SD 51101
16258	1.00	1.00	PVAMU 700 University Drive Prairie View, TX 77446
14198	1.00	1.00	Bridgewater College (Va.) 402 E College St. Bridgewater, VA 22812
14203	1.00	1.00	LC Boles Golf Course Wooster, OH 44691
14218	1.00	1.00	Ottawa Golf Course Toledo, OH 43606
14186	1.00	1.00	Davis & Elkins College Elkins, WV 26241
15852	1.00	1.00	Mira Loma Park Reno, NV 89502
15863	1.00	1.00	Hartwick College Oneonta, NY
12930	1.00	1.00	Montana Missoula, MT 59812
12926	1.00	1.00	Montana Missoula, MT 59812
8430	1.00	1.00	Dale Watts Cross Country course College Station, TX 77843
14205	1.00	1.00	Ottawa Golf Course Toledo, OH 43606
9759	1.00	1.00	Riverside Cross Country Course Riverside, CA 92501
14189	1.00	1.00	Lake Sammamish 2000 Northwest Sammamish Road Issaquah, WA 98027
10437	1.00	1.00	The Hackler Course at Coastal Carolina University 107 Citadel Drive Conway, SC 29526
10844	1.00	1.00	U Montana Missoula, MT 59801
13236	1.00	1.00	Rebsamen Golf Course Little Rock, AR 72204
13240	1.00	1.00	Rebsamen Golf Course Little Rock, AR 72204
13245	1.00	1.00	Memorial Park Sugar Land Sugar Land, TX 77479
13238	1.00	1.00	Rebsamen Golf Course Little Rock, AR 72204
10575	1.00	1.00	Avery Park 100 Avery Park Road Corvallis, OR 97330
10878	1.00	1.00	Fenner Fields, Cazenovia, NY Jamesville, NY 13502
13090	1.00	1.00	Craig Ranch Regional Park North Las Vegas, NV 89154
9684	1.00	1.00	Irvine Regional Park (Orange, CA) Irvine, CA 92862
10113	1.00	1.00	HOT Soccer Fields 6101 Airport Rd Waco, TX 76710
10449	1.00	1.00	Castleton College Cross-Country Course Castleton, VT 05735
14486	1.00	1.00	Weibring Golf Course 800 Gregory Street Normal, IL 61761
14429	1.00	1.00	California Berkeley, CA 94720
13239	1.00	1.00	Rebsamen Golf Course Little Rock, AR 72204
13241	1.00	1.00	Rebsamen Golf Course Little Rock, AR 72204
15856	1.00	1.00	Saxl Park Bangor, ME 04469
13259	1.00	1.00	University Park Golf Course Muskegon, MI 48109
13330	1.00	1.00	SOAR Athletic Fields Columbia, SC 29203
14140	1.00	1.00	Earlham Richmond, IN 47374
14191	1.00	1.00	Olmos Basin Park San Antonio, TX
10889	1.00	1.00	Wartburg XC Course - Waverly, IA Wartburg, IA 50677
10111	1.00	1.00	HOT Soccer Fields 6101 Airport Rd Waco, TX 76710
10107	1.00	1.00	HOT Soccer Fields 6101 Airport Rd Waco, TX 76710
10109	1.00	1.00	HOT Soccer Fields 6101 Airport Rd Waco, TX 76710
10112	1.00	1.00	HOT Soccer Fields 6101 Airport Rd Waco, TX 76710
14468	1.00	1.00	Lowes Creek County Park Eau Claire, WI 55441
14349	1.00	1.00	Murray Park Cross-Country Course Murray, UT 84107
14336	1.00	1.00	SUNY Plattsburgh Plattsburgh, NY 12901
14428	1.00	1.00	California Berkeley, CA 94720
19590	1.00	1.00	John Caslin XC Course Towson, MD 21204
22655	1.00	1.00	Beau Pre Golf Course McKinleyville, CA 95521
20592	1.00	1.00	Dreher Park West Palm Beach, FL 33405
19674	1.00	1.00	Crystal Springs XC Course Millbrae, CA
20418	1.00	1.00	TCA Campus Lake Worth, FL 33463
18588	1.00	1.00	Clark County Fairgrounds Springfield, OH 45501
23638	1.00	1.00	Heritage Park 3221 North Adrian Hwy Adrian, MI 49221
21847	1.00	1.00	El Dorado Park El Dorado, CA
20788	1.00	1.00	Tawasentha Town Park Guilderland, NY
22896	1.00	1.00	Sunset Hill Farm 775 Meridian Road Valparaiso, IN 46383
22121	1.00	1.00	Fountain Central High School Veedersburg, IN
22456	1.00	1.00	Cocoa Beach Cocoa Beach, FL 32931
19535	1.00	1.00	Harding Unviersity Searcy, AR 72143
19543	1.00	1.00	Wickham Park Melbourne, FL
18595	1.00	1.00	Bradley Palmer State Park Essex County, MA 01915
20541	1.00	1.00	Davis & Elkins Elkins, WV
20555	1.00	1.00	Forest Akers East Golf Course East Lansing, MI, MI
20565	1.00	1.00	Brookdale CC Lincroft, NJ
15617	1.00	1.00	Winthrop Farm Cross Country Course Rock Hill, SC 29733
15998	1.00	1.00	Lower Woodland Park Seattle, WA 98103
14608	1.00	1.00	Lake Breeze Golf Course Winneconne, WI 12345
16084	1.00	1.00	Rice 6100 South Main Houston, TX 77251
15830	1.00	1.00	Pecan Grove Park Sherman, TX
15940	1.00	1.00	Gordon Cooper Technology Center 1 John C Burton Dr. Shawnee, OK 74804
17451	1.00	1.00	Generations Park Aiken , SC
15693	1.00	1.00	Roanoke 2501 Green Hill Park Road Salem, VA 24153
21209	1.00	1.00	Greenfield Prk Milwaukee, WI 53234
15850	1.00	1.00	Mira Loma Park Reno, NV 89502
15783	1.00	1.00	Purdue Northwest Westville 1401 US 421 Westville, IN 46391
15879	1.00	1.00	Skutt Catholic Athletic Complex Omaha, NE 68178
17331	1.00	1.00	Sunset Hill Farm County Park 775 Meridian Rd Valparaiso, IN 46385
16431	1.00	1.00	Auburn High School Auburn, NE 68305
16354	1.00	1.00	Franklin Franklin, IN 46131
16392	1.00	1.00	Wingate Wingate, NC
16667	1.00	1.00	Northview Church Carmel , IN 46033
16171	1.00	1.00	Delaware Valley University Doylestown, PA
18641	1.00	1.00	Sperling XC Course Deland, FL 32724
18551	1.00	1.00	University of St. Joseph West Hartford, CT 19131
17864	1.00	1.00	Sunken Meadow State Park Kings Park, NY 11754
16023	1.00	1.00	Colby College Waterville, ME 04901
16347	1.00	1.00	Brownsburg Brownsburg, IN 46112
17876	1.00	1.00	Huntingdon Cross Country Course 4080 Moore Road Grady, AL 36036
21408	1.00	1.00	Reflection Ridge Lookout Mountain, TN 30750
21288	1.00	1.00	Lake Buena Vista HS Orlando, FL 32836
21312	1.00	1.00	Lely Naples, FL 34113
21293	1.00	1.00	Harmony High School St. Cloud, FL 34769
20780	1.00	1.00	Fenner Fields, Cazenovia, NY Cazenovia, NY 13035
17453	1.00	1.00	Smith River Sports Complex Axton, VA
18751	1.00	1.00	Michelbook Country Club McMinnville, OR 97128
19672	1.00	1.00	Crystal Springs Course Millbrae, CA
17811	1.00	1.00	White Tank Regional Mountain Park Surprise, AZ
21580	1.00	1.00	Randolph Golf Course Tucson, AZ 85711
19811	1.00	1.00	Taylor Univ Farm Upland, IN 46953
21698	1.00	1.00	Markham Park 16001 West SR-84 Sunrise, FL
17574	1.00	1.00	Blue River Cross Country Course Shelbyville, IN 00000
21651	1.00	1.00	Lake McKeithan Brooksville, FL 34601
22294	1.00	1.00	William F. Sheffield Regional Park Jacksonville, FL 32209
21321	1.00	1.00	Gateway Fairgrounds Lake City, FL 32025
23375	1.00	1.00	Bartram Trail St. Johns, FL 32259
23369	1.00	1.00	Crystal River High School Crystal River, FL 34429
25559	1.00	1.00	Lake Placid Lake Placid, FL 33852
24057	1.00	1.00	Cal St. Fullerton Carbon Canyon Regional, CA 92834
25041	1.00	1.00	Owen's Park Louisburg, NC 27551
25143	1.00	1.00	Indian Hills Community College Ottumwa, IA 50023
22870	1.00	1.00	Trinity Christian Academy Lake Worth, FL 33463
23663	1.00	1.00	King's Academy West Palm Beach, FL 33409
23664	1.00	1.00	King's Academy West Palm Beach, FL 33409
25513	1.00	1.00	Centennial 1485 SW Cashmere Blvd Port St. Lucie, FL 34986
23931	1.00	1.00	The Farm - Taylor XC Course Upland, IN 46953
26557	1.00	1.00	Atlantic Coast Jacksonville, FL 32119
27267	1.00	1.00	Phil Moore Park Midway, KY 40347
27246	1.00	1.00	Forest Akers Golf Course East Lansing, MI 00000
25556	1.00	1.00	Lake Placid Lake Placid, FL 33852
24101	1.00	1.00	Palmer Trinity Miami, FL 33157
24086	1.00	1.00	McKethan Lake Brooksville, FL
27198	1.00	1.00	Shorewood Cross Country Course | Green Bay WI 2532 Shorewood Drive Green Bay, WI 00000
27171	1.00	1.00	TRM Brewton, AL 36527
27181	1.00	1.00	Graham Creek Nature Preserve 1 Pride Dr. Gulf Shores, AL 36527
26433	1.00	1.00	Fountain Central HS Veedersburg, IN
26497	1.00	1.00	Brenham High School 525 A H Ehrig Dr Brenham, TX 77833
22729	1.00	1.00	Treasure Coast Port St. Lucie, FL 34953
25312	1.00	1.00	Satellite Satellite Beach, FL 32937
26793	1.00	1.00	Lyon College Batesville, AR 72503
26788	1.00	1.00	The Derryfield School 2108 River Rd. Manchester, NH 03104
26861	1.00	1.00	Maine Maritime Academy Castine, ME
25488	1.00	1.00	West Orange HS 1625 S. Beulah Rd. Winter Garden, FL 34787
26771	1.00	1.00	Lehman Cross Country Course Westerville, OH 43081
16062	1.00	1.00	University of Maine College Avenue Orono, ME 04469
10110	1.00	1.00	HOT Soccer Fields 6101 Airport Rd Waco, TX 76710
9272	1.00	1.00	McDade Park Scranton, PA 18504
9275	1.00	1.00	Texas Austin, TX 78713
8833	1.00	1.00	Elvin R. King Cross Country Course 251 N. Main Street Cedarville, OH 45314
18419	1.00	1.00	University of Montana Golf Course Missoula, MT 59812
8825	1.00	1.00	BYU-Hawaii Laie, HI 96762
8416	1.00	1.00	MACGREGOR PARK 5225 CALHOUN HOUSTON, TX 77021
8697	1.00	1.00	Ozarks (Ark.) 1000 Market St Clarksville, AR 72830
8431	1.00	1.00	UT Tyler Soccer Fields Tyler, TX
11193	1.00	1.00	Prairie Ridge Park Hutchinson, KS 67501
9285	1.00	1.00	Lake Breezee Golf Course Winneconne, WI 12345
13929	1.00	1.00	Big Spring High School Newville, PA 17013
13912	1.00	1.00	Bill Roberts Golf Course Helena, MT 59601
13764	1.00	1.00	River Creek Golf Course 1605 FM 1177 Wichita Falls, TX 76305
18412	1.00	1.00	Battery Park - UNE Biddeford, ME 04005
18418	1.00	1.00	Highland 9-Hole Golf Course St. Paul, MN 55104
25461	1.00	1.00	Sperling Sports Complex Deland, FL 32724
26191	1.00	1.00	Plattsburgh Plattsburgh, NY 12901
23840	1.00	1.00	The Farm Newberry, SC
14938	1.00	1.00	Greene County Airport Waynesburg, PA
19584	1.00	1.00	Central Arizona Coolidge, AZ 85228
18310	1.00	1.00	Blue River CC Course 725 Lee Blvd Shelbyville, IN 46176
18020	1.00	1.00	Illinois Champaign, IL 61820
23820	1.00	1.00	Sunset Hill Farm 775 Meridian Rd Valparaiso, IN 46383
9201	1.00	1.00	Big Spring High School Newville, PA 17013
9035	1.00	1.00	Noelridge Park Cedar Rapids, IA 50428
9304	1.00	1.00	Luther College Decorah, IA 50428
16648	1.00	1.00	Western Texas Cross Country Course Snyder, TX 79549
9307	1.00	1.00	Huntington University Huntington, IN 46750
9782	1.00	1.00	Bicentennial Park 5351 Park West Lane Northampton, PA 18067
7850	1.00	1.00	Arroyo Verde Park Ventura, CA 93003
7848	1.00	1.00	Oxnard Oxnard, CA 93033
7660	1.00	1.00	Pole Green Park -- Richmond, VA 8996 Pole Green Park Lane Mechanicsville, VA 23116
7764	1.00	1.00	Lake Wichita Park Wichita Falls, TX 76308
7789	1.00	1.00	Winthrop Rock Hill, SC 29730
13097	1.00	1.00	Craig Ranch Regional Park North Las Vegas, NV 89154
13091	1.00	1.00	Craig Ranch Regional Park North Last Vegas, NV 89154
13094	1.00	1.00	Craig Ranch Regional Park North Las Vegas, NV 89154
11555	1.00	1.00	Earlham Richmond, IN 47374
17808	1.00	1.00	McAlpine Creek Park Charlotte, NC
9174	1.00	1.00	Saxl Park Bangor, ME 04011
8058	1.00	1.00	Rio Grande CC Course Rio Grande, OH 45674
26821	1.00	1.00	West Valley Championship Course Cottonwood, CA 96003
26061	1.00	1.00	Cal St. Fullerton California State University, Fullerton, CA 92834
23324	1.00	1.00	Lake Buena Vista HS Orlando, FL 32836
20509	1.00	1.00	Delaware Outreach & Research Center 884 Smyrna Leipsic Road Smyra, DE 17788
27089	1.00	1.00	Maine Maritime Academy West River Road Castine, ME 04901
19896	1.00	1.00	Gainney Athletic Complex 1661 E Paris Ave GRAND RAPIDS, MI 49546
9221	1.00	1.00	Cooper's Lake Campground Slippery Rock, PA 16057
19232	1.00	1.00	Clark County Fairgrounds 10643 Vermilion Road Springfield, OH 45501
19397	1.00	1.00	Carlin Park Jupiter, FL 33458
19570	1.00	1.00	Cleveland CC 137 S. Post Rd. Shelby, NC 28152
10277	1.00	1.00	Pine View Golf Club Three Rivers, MI 49009
10269	1.00	1.00	Messiah College Mechanicsburg, PA 17055
21383	1.00	1.00	Ridgeview Orange Park, FL 32065
9855	1.00	1.00	Walsh University North Canton, OH 44720
10023	1.00	1.00	North Dakota State Fargo, ND 58104
20004	1.00	1.00	Markham Park 16001 West SR-84 Sunrise, FL
16660	1.00	1.00	Woodley Lakes Golf Course Van Nuys, CA 90045
22091	1.00	1.00	Ridgeview Orange Park, FL 32065
10426	1.00	1.00	Central Arkansas 20 Kinley Dr Conway, AR
10440	1.00	1.00	Asheville Christian Academy Swannanoa, NC 28645
10427	1.00	1.00	Central Arkansas 20 Kinley Dr Conway, AR
10398	1.00	1.00	Bill Roberts Helena, MT 59501
11663	1.00	1.00	Iowa Western Council Bluffs, IA 51503
10216	1.00	1.00	Crystal Springs Course Belmont, CA 94402
21688	1.00	1.00	Mounds State Park Anderson, IN
20745	1.00	1.00	Fernhill Park Portland, OR
10842	1.00	1.00	U Montana Missoula, MT 59801
20055	1.00	1.00	Dartmouth XC Course Hanover, NH 03755
12500	1.00	1.00	Montana Missoula, MT 59812
12505	1.00	1.00	Montana Missoula, MT 59812
12208	1.00	1.00	Illinois-Chicago Chicago, IL 60608
12198	1.00	1.00	Illinois-Chicago Chicago, IL 60608
12192	1.00	1.00	Illinois-Chicago Chicago, IL 60608
12204	1.00	1.00	Illinois-Chicago Chicago, IL 60608
12195	1.00	1.00	Illinois-Chicago Chicago, IL 60608
12193	1.00	1.00	Illinois-Chicago Chicago, IL 60608
12213	1.00	1.00	Illinois-Chicago Chicago, IL 60608
10060	1.00	1.00	Lake Casitas Ventura, CA 93001
12190	1.00	1.00	Illinois-Chicago Chicago, IL 60608
13639	1.00	1.00	Florida Tech Melbourne, FL 32901
11673	1.00	1.00	Stockton University Galloway, NJ 08205
11664	1.00	1.00	Grover Nelson Park Abilene, TX 79602
12223	1.00	1.00	Illinois-Chicago Chicago, IL 60608
20776	1.00	1.00	Steve Woodland Hills, CA 91371
23137	1.00	1.00	Freedom (Tampa) Tampa, FL 33647
21768	1.00	1.00	Ridge Community HS Davenport, FL
23088	1.00	1.00	Long Island Brooklyn, NY 11201
13361	1.00	1.00	Wallace State 801 N. Main Street Hanceville, AL 35077
23938	1.00	1.00	Delaware Newark, DE 19716
23532	1.00	1.00	Woodland Park WOODWARD PARK Fresno, CA
23541	1.00	1.00	Indian River County Fairgrounds Vero Beach, FL 32963
23690	1.00	1.00	Midwestern St Wichita Falls, TX
22620	1.00	1.00	Lake Boney Park Lakeland, FL
23095	1.00	1.00	Brewton MS Brewton, AL 35487
23089	1.00	1.00	Plantes Ferry Park & Sports Complex Spokane, WA 99251
13349	1.00	1.00	Oberlin College Oberlin, OH 44074
23930	1.00	1.00	Huntington Univ Huntington, IN 46750
12503	1.00	1.00	Montana Missoula, MT 59812
22694	1.00	1.00	Delta Muncie, IN 47303
25116	1.00	1.00	TRM Brewton, AL 35487
12504	1.00	1.00	Montana Missoula, MT 59812
12502	1.00	1.00	Montana Missoula, MT 59812
12209	1.00	1.00	Illinois-Chicago Chicago, IL 60608
12194	1.00	1.00	Illinois-Chicago Chicago, IL 60608
12207	1.00	1.00	Illinois-Chicago Chicago, IL 60608
26346	1.00	1.00	Brown Mark Coogan Cross Country Course at Highland Park - Attleboro, MA 02912
23378	1.00	1.00	East Ridge High School Clermont, FL 34711
25766	1.00	1.00	University of Rio Grande F34 Rio Grande, OH 45601
24989	1.00	1.00	Palmer Trinity Miami, FL 33157
13319	1.00	1.00	Columbia International University Columbia, SC 29203
26341	1.00	1.00	NIACC 500 College Dr Mason City, IA 50401
16534	1.00	1.00	Winthrop Farm XC Course Rock Hill, SC 29733
25024	1.00	1.00	Greenfield Park Milwaukee, WI 30066
14178	1.00	1.00	Wingate University 224 East Wilson St. Wingate, NC 28174
25125	1.00	1.00	Bethpage State Park Farmingdale, NY
25661	1.00	1.00	Centennial 1485 SW Cashmere Blvd Port St. Lucie, FL 34986
25369	1.00	1.00	South Lake High School Groveland, FL 34736
13775	1.00	1.00	Southern Illinois Carbondale, IL 62901
17922	1.00	1.00	Baltimore County Agricultural Center Cockeysville, MD 21030
25885	1.00	1.00	Brookdale CC 765 Newman Springs Road Lincroft, NJ 07738
14317	1.00	1.00	Russian Jack Springs Golf Course Anchorage, AK 99504
14820	1.00	1.00	Columbia (S.C.) Columbia, SC 29203
23556	1.00	1.00	William F. Sheffield Regional Park Jacksonville, FL 32209
25463	1.00	1.00	Chain of Lakes Titusville, FL
26706	1.00	1.00	Wheaton St. James Park Wheaton, IL 60625
17429	1.00	1.00	Seminole Park Cross-Country Course Cedar Rapids, IA 52402
8920	1.00	1.00	Jefferson Park Golf Course Seattle, WA 98115
12236	1.00	1.00	Illinois-Chicago Chicago, IL 60608
8732	1.00	1.00	Asheville Christian Academy Swannanoa, NC 28645
8986	1.00	1.00	Pacer Path Aiken, SC
12233	1.00	1.00	Illinois-Chicago Chicago, IL 60608
12211	1.00	1.00	Illinois-Chicago Chicago, IL 60608
12239	1.00	1.00	Illinois-Chicago Chicago, IL 60608
12238	1.00	1.00	Illinois-Chicago Chicago, IL 60608
11784	1.00	1.00	Virginia Wesleyan University Virginia Beach, VA 23455
11768	1.00	1.00	James Island County Park Charleston, SC 29613
11787	1.00	1.00	Spring Lake State Park Macomb, IL 61455
15564	1.00	1.00	Univ of the Ozarks Trails Clarksville, AR
8819	1.00	1.00	Red Rocks Park South Burlington, VT 05405
8530	1.00	1.00	Northern Michigan Marquette, MI 12345
8427	1.00	1.00	Bluffton Nature Preserve Bluffton, OH 45818
8753	1.00	1.00	Louisiana Tech Ruston, LA 71270
8474	1.00	1.00	LIberty Park Delaware, OH 43015
8478	1.00	1.00	McDade Park Scranton, PA 18504
8477	1.00	1.00	McDade Park Scranton, PA 18504
8664	1.00	1.00	Rice 6100 Main Houston, TX 77251
8485	1.00	1.00	ChesLen Preserve 1199 Cannery Rd Coatesville, PA 19320
8484	1.00	1.00	Big Green Soccer Complex 2800 W Gore Lawton, OK 73505
14895	1.00	1.00	Unionville High School 750 Unionville Rd Kennett Square, PA 19348
8721	1.00	1.00	Otterbein University Westerville, OH 43082
8807	1.00	1.00	Georgia Industrial Children's Home 4690 N. Mumford Rd. Macon, GA 31216
8960	1.00	1.00	Mingo Creek Park Finleyville, PA 15301
8814	1.00	1.00	Texas A&M College Station, TX 77842
14971	1.00	1.00	Franciscan (Ohio) Steubenville, OH 43952
15014	1.00	1.00	Bethpage State Park Farmingdale, NY
15192	1.00	1.00	Dickinson Park West High Street Carlisle, PA 17013
11418	1.00	1.00	Illinois Champaign, IL 61820
8590	1.00	1.00	Univ. of Akron - Firestone Metro Park Akron, OH 44319
8653	1.00	1.00	Aspen Ridge Golf Course 1763 E 4000n Rd Bourbonnaise, IL 60914
14941	1.00	1.00	Ottawa Park Golf Course Toledo, OH 43606
11984	1.00	1.00	University of Maine College Ave Orono, ME 04469
12184	1.00	1.00	Illinois-Chicago Chicago, IL 60608
12178	1.00	1.00	Percy Warner Park Percy Warner Park Nashville, TN 37221
12185	1.00	1.00	Illinois-Chicago Chicago, IL 60608
12173	1.00	1.00	Shippensburg University Cross Country Shippensburg, PA 17257
8771	1.00	1.00	Catawba College Salisbury, NC 28645
17959	1.00	1.00	Chabot Stadium Hayward, CA 94545
25744	1.00	1.00	Heritage Park Adrian, MI
12043	1.00	1.00	Frank Liske Park Concord, NC 28036
8562	1.00	1.00	University of South Carolina Columbia, SC 29208
8054	1.00	1.00	South County Regional Park 11200 Park Access Road Boca Raton, FL 33498
11000	1.00	1.00	SUGAR CREEK PARK Houston, TX 77204
8433	1.00	1.00	Georgia College and State University Milledgeville, GA 31061
8459	1.00	1.00	Riverside Park Minneapolis, MN 55441
8640	1.00	1.00	Legg Lake South El Monte, CA 91733
8660	1.00	1.00	Morgan Creek Park Palo, IA 50428
9002	1.00	1.00	Earlham College Richmond, IN 47374
9005	1.00	1.00	Rowan College @ Gloucester County Sewell, NJ 08102
26051	1.00	1.00	Central Arizona 8470 N. Overfield Coolidge, AZ 85128
26049	1.00	1.00	Shelby Farms CC Course Memphis, TN 38112
11871	1.00	1.00	Frank G. Bonelli Regional Park-San Dimas, CA San Dimas, CA 91773
8497	1.00	1.00	MACGREGOR PARK 5225 CALHOUN HOUSTON, TX 77021
8498	1.00	1.00	Houston Houston, TX 77204
8700	1.00	1.00	Ewing Park, Des Moines, IA Des Moines, IA 50311
17021	1.00	1.00	Tipton HS XC Tipton, IN 46072
8935	1.00	1.00	Carleton College Northfield, MN 55441
25698	1.00	1.00	Classical Academy MS 3k v2025 8000 Bee Ridge Rd Sarasota, FL 34241
25998	1.00	1.00	Dresden Athletics Fields 41 Lebanon St. Norwich, VT 03755
11983	1.00	1.00	Bridgewater College 402 E. College St. Bridgewater, VA 22812
26975	1.00	1.00	Brookdale CC 765 Newman Springs Road Lincroft, NJ 07738
8630	1.00	1.00	Misericordia Dallas, PA 18612
23262	1.00	1.00	101 St. Olaf Ave. 101 St. Olaf Ave. Northfield, MN 55057
12214	1.00	1.00	Illinois-Chicago Chicago, IL 60608
12216	1.00	1.00	Illinois-Chicago Chicago, IL 60608
12182	1.00	1.00	Illinois-Chicago Chicago, IL 60608
12187	1.00	1.00	Illinois-Chicago Chicago, IL 60608
26170	1.00	1.00	Cocoa Beach Cocoa Beach, FL 32931
25912	1.00	1.00	Winthrop Farm Course Rock Hill, SC 29733
16139	1.00	1.00	Messiah College Mechanicsburg, PA 17055
16285	1.00	1.00	Cole Acres Country Club Platteville, WI 53818
18730	1.00	1.00	Big Green Soccer Comples Lawton, OK 73501
8023	1.00	1.00	Pleasant Hills Golf Club 4452 East Millbrook Road Mt. Pleasant, MI 48858
11033	1.00	1.00	LU Cross Country Course Lincoln University, PA 19352
19563	1.00	1.00	Bridgewater XC Course Bridgewater, VA 22812
19579	1.00	1.00	Liberty XC Course Lynchburg, VA 24502
20809	1.00	1.00	Eldon Lyon Park Oklahoma City, OK
21695	1.00	1.00	Plantation Central Park Plantation , FL 33313
7838	1.00	1.00	Huntington University Huntington, IN 46750
8293	1.00	1.00	Wickham Park Manchester, CT 06106
10768	1.00	1.00	Franciscan (Ohio) STEUBENVILLE, OH 43952
14955	1.00	1.00	Bryant Campus Course Smithfield, RI 02917
8378	1.00	1.00	Nelson Park Abilene, TX 78214
12237	1.00	1.00	Illinois-Chicago Chicago, IL 60608
10724	1.00	1.00	Colby College Waterville, ME 04901
9324	1.00	1.00	Freed-Hardeman University Cross-Country Course Henderson, TN 38340
9453	1.00	1.00	Towson Towson, MD 21252
19793	1.00	1.00	Pine Crest West Fort Lauderdale, FL 33334
19795	1.00	1.00	Pine Crest West Fort Lauderdale, FL 33334
12205	1.00	1.00	Illinois-Chicago Chicago, IL 60608
23578	1.00	1.00	RAVINE GARDENS, PALATKA Ravine Gardens Palatka, FL
9316	1.00	1.00	William Penn University Oskaloosa, IA 52577
9315	1.00	1.00	Victor Ashe Park 4901 Bradshaw Rd Knoxville, TN 37912
10428	1.00	1.00	Central Arkansas 20 Kinley Dr Conway, AR
10420	1.00	1.00	Rotary Park Biddeford, ME 04005
25547	1.00	1.00	Freed-Hardeman Cross Country Course 460 Ozier Road Pinson Henderson, TN 38340
11939	1.00	1.00	Bloomsburg Bloomsburg, PA 17815
22635	1.00	1.00	Big Green Soccer Club Lawton, OK
17125	1.00	1.00	DMACC, Ankeny, IA Ankeny, IA 50023
16379	1.00	1.00	Montevallo XC Course 901 Shelby St. Montevallo, AL 35115
18789	1.00	1.00	Hillcrest Golf Club 800 W. Bigelow Ave. Findlay, OH 45840
18792	1.00	1.00	DMACC Ankeny Campus Ankeny, IA 50023
10125	1.00	1.00	Duke University Durham, NC 27705
25016	1.00	1.00	Crystal Springs Belmont, CA
25015	1.00	1.00	Carleton College Arb. Northfield, MN 55057
18101	1.00	1.00	Harding CC Course Searcy, AR 72143
17854	1.00	1.00	Central Arizona Coolidge, AZ 85228
18006	1.00	1.00	Crystal Springs Course Millbrae, CA
23783	1.00	1.00	Loyola-New Orleans Merrero, LA, LA 70072
19146	1.00	1.00	Meriwether Golf Course Hillsboro, OR 97207
16680	1.00	1.00	Cole Acres Country Club Platteville, WI 53818
17794	1.00	1.00	Percy Warner Park Percy Warner Park Nashville, TN 37221
19244	1.00	1.00	Smith River Sports Complex Axton, VA
14664	1.00	1.00	Fenner Fields, Cazenovia, NY Cazenovia, NY 13035
16641	1.00	1.00	Grispin Golf Course (at Oglebay Resort) Wheeling, WV 26003
25343	1.00	1.00	Lake Buena Vista HS Orlando, FL 32836
25931	1.00	1.00	Thetford PO Box 190 Academy Road Thetford Academy, VT 05074
20213	1.00	1.00	Folsom Lake College Folsom, CA 95630
9303	1.00	1.00	Gracewil Golf Course Grand Rapids, MI 49544
12529	1.00	1.00	University of Maine College Ave Orono, ME 04469
12501	1.00	1.00	Montana Missoula, MT 59812
12120	1.00	1.00	Shadow Mountain Sparks, NV 89434
12116	1.00	1.00	Shadow Mountain Sparks, NV 89434
22645	1.00	1.00	Big Green Soccer Complez Lawton, OK
12119	1.00	1.00	Shadow Mountain Sparks, NV 89434
12958	1.00	1.00	Mingo Creek Park Finleyville, PA 15332
13092	1.00	1.00	Craig Ranch Regional Park North Las Vegas, NV 89154
14379	1.00	1.00	Castleton College Cross-Country Course Castleton, VT 05735
25245	1.00	1.00	Fred Poppe Regional Park Palm Bay, FL 32907
25234	1.00	1.00	CHAMBER CREEK REGIONAL PARK UNIVERSITY PLACE, WA 98466
12819	1.00	1.00	St. Vincent Latrobe, PA
12822	1.00	1.00	Southeast Polk HS, Pleasent Hill, IA Pleasant Hill, IA 50237
21610	1.00	1.00	Indian Rocks Christian Track Largo, FL 32312
24418	1.00	1.00	Central Noble 302 Cougar Court Albion, IN
26961	1.00	1.00	Cardinal Newman West Palm Beach, FL 33409
23640	1.00	1.00	South Country Regional Park Boca Raton, FL 34986
23060	1.00	1.00	Lower Woodland Park Seattle, WA 98117
12957	1.00	1.00	Mingo Creek Park Finleyville, PA 15332
16092	1.00	1.00	Yale Golf Course New Haven, CT 06042
19107	1.00	1.00	Bowling Green XC Course 1610 Stadium Drive Bowling Green, OH 43403
21260	1.00	1.00	The Farm - Taylor XC Course Upland, IN 46989
20661	1.00	1.00	Bartram Trail St. Johns, FL 32259
24469	1.00	1.00	Eastbrook HS Marion, IN 46953
26581	1.00	1.00	Plantation Heritage Plantation, FL 33317
26475	1.00	1.00	Owens Field Park 1401 Hamilton Blvd Columbia, SC 29205
25204	1.00	1.00	Clackamas Community College Oregon City, OR 97045
12950	1.00	1.00	Carleton Aboretum Northfield, MN 55057
26724	1.00	1.00	Alvirne High School 200 Derry Rd., Rte. 102 Hill House XC Course - Hudson, NH 03051
26745	1.00	1.00	Lincoln University Lincoln University, PA 19352
22020	1.00	1.00	Spoto High School Riverview, FL
21969	1.00	1.00	Oleta River State Park 16001 West SR-84 North Miami Beach, FL
21023	1.00	1.00	Lake Kristi 3933 Mobleys Bridge Road Grimesland, NC 27837.
27216	1.00	1.00	Van Cortlandt Park New York, NY 10471
25852	1.00	1.00	King's Academy West Palm Beach, FL
19167	1.00	1.00	Lewis XC Course Romeoville, IL 63044
13093	1.00	1.00	Craig Ranch Regional Park North Las Vegas, NV 89154
9830	1.00	1.00	Haverford Haverford, PA 19013
8269	1.00	1.00	Walsh University 2020 East Maple Street North Canton, OH 44720
18361	1.00	1.00	Concordia University - Wisconsin 12800 N. Lake Shore Dr Mequon, WI 53097
10769	1.00	1.00	Franciscan (Ohio) STEUBENVILLE, OH 43952
15628	1.00	1.00	University of West Florida Pensacola, FL 32514
15525	1.00	1.00	Florida Atlantic 12551 Glades Rd Boca Raton, FL 33431
25139	1.00	1.00	Owens Field Cross-Country Course 1600 Harden Street Columbia, SC 29205
26831	1.00	1.00	JBU XC Course 2000 W Villa View Dr Siloam Springs, AR 72761
18570	1.00	1.00	Wildhorse Golf Club Davis, CA 95616
27183	1.00	1.00	Faith Academy Mobile, AL 36608
27141	1.00	1.00	Michigan Ann Arbor, MI 48109
26259	1.00	1.00	Prairie View A&M University Prairie View, TX 77446
27092	1.00	1.00	Grambling Lincoln Parish Park Ruston, LA 71245
27088	1.00	1.00	Maine Maritime Academy West River Road Castine, ME 04901
26215	1.00	1.00	Eagle Park, Nashville Indiana P.O. Box 68 Nashville, IN 47448
26196	1.00	1.00	New Prairie HS New Carlisle, IN
13293	1.00	1.00	Crispin Golf Course- Oglebay Resort Wheeling, WV 26003
15563	1.00	1.00	Univ of the Ozarks Clarksville, AR
8457	1.00	1.00	Field of Dreams XC course One Willard Avenue Houghton, NY 14744
21125	1.00	1.00	Hillcrest Golf Course Findlay, OH 45840
25908	1.00	1.00	Norwich 158 Harmon Drive Northfield, VT 05663
21115	1.00	1.00	Highland Park 02703 Attleboro, MA 02703
20997	1.00	1.00	Bucknell West Fields Lewisburg, PA 17837
21700	1.00	1.00	Markham Park 16001 West SR-84 Sunrise, FL
8005	1.00	1.00	Saxl Park Bangor, ME 04401
25979	1.00	1.00	Dyer Park West Palm Beach, FL
26902	1.00	1.00	Michigan Tech Houghton, MI
15964	1.00	1.00	Vermont Burlington, VT 05405
22549	1.00	1.00	Arkansas 2300 Highland Batesville, AR 72501
26976	1.00	1.00	Central Park New York, NY 10031
25752	1.00	1.00	Salisbury Community Park XC Course Salisbury, NC 28147
8089	1.00	1.00	Oklahoma State Cross Country Course Stillwater, OK 74078
25851	1.00	1.00	King's Academy West Palm Beach, FL 33409
25799	1.00	1.00	Pollards Field 2000 W Villa View Dr Siloam Springs, AR 72761
26006	1.00	1.00	New Market Battlefield State Historical Park New Market, VA 22807
15306	1.00	1.00	Alumni XC 370 Lancaster Ave Haverford, PA 19041
8884	1.00	1.00	Carousel Park carousel park wilmington, DE 12345
25362	1.00	1.00	East Ridge High School 13322 Excalibur Rd Clermont, FL 34711
8569	1.00	1.00	Lamb's Creek Recreation Area Mansfield, PA 16933
8674	1.00	1.00	West Branch XC Course Lock Haven Athletic Complex Lock Haven, PA 17745
8694	1.00	1.00	Rosedale Park Pennington, NJ 08534
8435	1.00	1.00	Univ. of Ill. Arboretum Urbana, IL 12345
21975	1.00	1.00	Pine Crest West Fort Lauderdale, FL 33334
27150	1.00	1.00	New Hampshire Pelham, NH 03824
15708	1.00	1.00	Southern Illinois Carbondale, IL 62901
8601	1.00	1.00	Moccasin Bend Chattanooga, TN 37415
8510	1.00	1.00	Cardinal Hills Golf Course Liberty, MO 64068
8737	1.00	1.00	Six Flags Amusement Park Eureka, MO 63141
12191	1.00	1.00	Illinois-Chicago Chicago, IL 60608
12316	1.00	1.00	Balboa Park San Diego, CA 92314
8553	1.00	1.00	Palos Verdes Park Palos Verdes, CA 90274
21854	1.00	1.00	St. Paul's School Concord, NH
15434	1.00	1.00	Union Canal Tunnel Park Lebanon, PA 17046
15390	1.00	1.00	Pleasant Hills Golf Course 6012 South Mission Road Mount Pleasant, MI 48858
17773	1.00	1.00	Walter E. Long Lake Austin, TX
14972	1.00	1.00	Franciscan (Ohio) Steubenville, OH 43952
27011	1.00	1.00	Maine Maritime Academy West River Road Castine, ME 04901
26195	1.00	1.00	Sunset Hill Farm County Park 2125 Sout 11th Street Valparaiso, IN 46304
15834	1.00	1.00	Delaware Valley University Doylestown, PA
8857	1.00	1.00	Chain of Lakes Park- Titusville, FL Titusville, FL 32806
8669	1.00	1.00	Arkansas-Little Rock 3400 Rebsamen Park Rd Little Rock, AR 72202
16099	1.00	1.00	New Mexico Junior College Hobbs, NM 88240
12941	1.00	1.00	Fenner Fields, Cazenovia, NY Cazenovia, NY 13035
19213	1.00	1.00	UNM N. Campus Golf Course Albuquerque, NM 87131
15828	1.00	1.00	Classic Elites Soccer Complex 11600 Starcrest Dr. San Antonio, TX 78247
20487	1.00	1.00	TCA Campus Lake Worth, FL 33463
15011	1.00	1.00	Percy Warner Park Percy Warner Park Nashville, TN 37221
8542	1.00	1.00	Big Spring High School newville, PA 17013
10880	1.00	1.00	University of Idaho Moscow, ID 83843
10541	1.00	1.00	Avery Park 100 Avery Park Road Corvallis, OR 97330
9807	1.00	1.00	BA South Coumty Regional Park 12551 Glades Road Boca Raton, FL 33498
9021	1.00	1.00	Van Cortlandt Park in the Bronx Broadway & Vancortlandt Park South Bronx, NY 10462
9057	1.00	1.00	Delaware State Outreach and Research Facility Smyrna, DE 11223
21468	1.00	1.00	River Creek Golf Course Wichita Falls, TX
21457	1.00	1.00	Carlin Park Jupiter, FL 33458
7787	1.00	1.00	Freed-Hardeman University Cross-Country Course Henderson, TN 38340
8074	1.00	1.00	Embry-Riddle Cross Country Course 600 S. Clyde Morris Blvd. Daytona Beach, FL 32114
9286	1.00	1.00	St Vincent College Latrobe, PA 15650
9236	1.00	1.00	St. Michael's Colchester, VT 05446
6937	1.00	1.00	Shippensburg University Cross Country Shippensburg, PA 17257
8508	1.00	1.00	Union Canal Tunnel Park - Lebanon, PA Lebanon, PA 17046
18272	1.00	1.00	Wingate Wingate, NC
18333	1.00	1.00	Shelby Farms CC Course Memphis, TN 38112
22949	1.00	1.00	Ridge Community HS Davenport, FL
7274	1.00	1.00	A.N. Kyper Athletics Complex Pella, IA 50219
11631	1.00	1.00	Purdue Northwest Westville, IN
11562	1.00	1.00	Freedom Park(Charlotte,NC) City Not Supplied, NC
11643	1.00	1.00	TAMU Commerce Commerce, TX 75429
11377	1.00	1.00	Towson Towson, MD 21252
11439	1.00	1.00	San Gabriel Park Georgetown, TX 76513
11421	1.00	1.00	South County Regional Park Boca Raton, FL 33431
23476	1.00	1.00	Sperling Sports Complex Deland, FL 32724
11707	1.00	1.00	Hope College X-C Course (Ridge Point Church) Holland, MI 49424
12210	1.00	1.00	Illinois-Chicago Chicago, IL 60608
12232	1.00	1.00	Illinois-Chicago Chicago, IL 60608
12289	1.00	1.00	Ozarks Trails Clarksville, AR
15312	1.00	1.00	Percy Warner Park Percy Warner Park Nashville, TN 37221
16289	1.00	1.00	Fenner Fields, Cazenovia, NY Cazenovia, NY 13035
11921	1.00	1.00	Hosted by So. Wesleyan Univ in Central, SC Central, SC 29630
21636	1.00	1.00	Virginia Tech 185 Beamer Way Blacksburg, VA 24060
22526	1.00	1.00	Prescott High School Prescott, WI 54021
14251	1.00	1.00	Green Lane Fields The College of New Jersey Ewing, NJ 08628
19357	1.00	1.00	Sperling Sports Complex Deland, FL 32724
19445	1.00	1.00	South County Regional Park Boca Raton, FL 33431
19352	1.00	1.00	Whispering Pines Park Inverness, FL 34450
14439	1.00	1.00	Messiah College Mechanicsburg, PA 17055
21531	1.00	1.00	Winthrop University Farm Rock Hill, SC 29733
27265	1.00	1.00	NTC Park at Liberty Station 7250 Mesa College Drive San Diego, CA 92111
8714	1.00	1.00	Alumni Cross Country Course Haverford, PA 19041
19093	1.00	1.00	Lake Kristi 3933 Mobleys Bridge Road Grimesland, NC 27837.
19108	1.00	1.00	Ottawa Park Golf Course 1 Walden Drive Toledo, OH 43606
10810	1.00	1.00	Central Park, HB Huntington Beach, CA 92647
9025	1.00	1.00	Houston Houston, TX 77204
9007	1.00	1.00	East Lake Padden Ballingham, WA 98226
13232	1.00	1.00	Rebsamen Golf Course Little Rock, AR 72204
10698	1.00	1.00	Canyon, Texas Canyon, TX 79015
10775	1.00	1.00	Wingate University Wingate, NC
25066	1.00	1.00	Ronald C. Hoffmann Championship CC Course St. Lawrence University Canton, NY 13617
13719	1.00	1.00	Illinois-Springfield Springfield, IL 62703
14697	1.00	1.00	Bonelli Park San Dimas, CA 91740
8836	1.00	1.00	Wingate University Wingate, NC
8934	1.00	1.00	Max Cross Country Course Waverly, IA 50428
14663	1.00	1.00	Cotton wood Point Marion, KS 66062
13514	1.00	1.00	Misericordia East 42nd St Dallas, PA 18612
14816	1.00	1.00	Central Wyoming College Riverton, WY
13991	1.00	1.00	Oxnard College Oxnard, CA 93033
14977	1.00	1.00	Woodward Park Clovis, CA 12345
22351	1.00	1.00	Southeastern Baptist Youth Camp CC Course Greensburg, IN 47240
24291	1.00	1.00	Cowan HS Cowan, IN
13762	1.00	1.00	Virginia State Petersburg, VA 23806
26253	1.00	1.00	Fernandina Beach 435 Citrone Drive Fernandina Beach, FL 32304
14790	1.00	1.00	Downriver Golf Course 3225 N. Columbia Circle Spokane, WA 99205
18078	1.00	1.00	New Market Battlefield State Historical Park New Market, VA 22807
18063	1.00	1.00	Randolph 2500 Rivermont Avenue Lynchburg, VA 24503
24847	1.00	1.00	Prairie View Stadium FM 1098 Rd & University Dr Prairie View, TX 77446
21158	1.00	1.00	Alma College X-C Course (Shepherd High School XC Course) Alma, MI 48801
10577	1.00	1.00	Avery Park 100 Avery Park Road Corvallis, OR 97330
12406	1.00	1.00	Norfolk-Norwood HS Norfolk, NY 13668
12413	1.00	1.00	Mansfield University Mansfield, PA 16933
12475	1.00	1.00	Messiah College Mechanicsburg, PA 17055
17137	1.00	1.00	Whiteford Valley Golf Club Ottawa, MI 49267
25277	1.00	1.00	Saint Mary's College of California Moraga, CA 94605
20043	1.00	1.00	Gunstock Mountain Resort Gilford, NH 03246
20013	1.00	1.00	Markham Park 16001 West SR-84 Sunrise, FL
20012	1.00	1.00	Markham Park 16001 West SR-84 Sunrise, FL
15041	1.00	1.00	Hood College at Utica District Park Frederick, MD 21701
15249	1.00	1.00	Towson Towson, MD 21252
15345	1.00	1.00	Hayward Regional Shoreline Park 3010 W Winton Ave Hayward, CA 94545
15320	1.00	1.00	Abilene Christian Course Aibilene, TX 79697
15226	1.00	1.00	North Carolina Weslyan Rocky Mount, NC 27804
15481	1.00	1.00	Eastern Washington University - Cheney, Wash. Cheney, WA 99004
19090	1.00	1.00	Fisher Field Midland, MI 48640
20130	1.00	1.00	Lake Wilderness Park Maple Valley, WA 98042
13918	1.00	1.00	Champions Park XC Course 4401 S. Charleston Pike Springfield, OH 45505
13797	1.00	1.00	Clinton Heights Golf Course 2760 E. Twp. Rd. 122 Tiffin, OH 44883
20257	1.00	1.00	Hovander Homestead Park 5299 Nielsen Ave Ferndale, WA 98248
13519	1.00	1.00	Illinois Champaign, IL 61820
19256	1.00	1.00	Carleton Arb Northfield, MN 55057
19307	1.00	1.00	North Monument Valley Park 205 W Fontanero Colorado Springs, CO 80907
19258	1.00	1.00	Platteview Country Club Bellevue, NE 68123
19398	1.00	1.00	Carlin Park Jupiter, FL 33458
18079	1.00	1.00	Middleburg Orange Park , FL 32068
24817	1.00	1.00	Allegheny Athletic Fields Meadville, PA 16335
24527	1.00	1.00	DMACC 2006 S Ankeny Blvd Ankeny, IA 50023
24484	1.00	1.00	B&D Acres 3121 Hunington Furnace Road Tyrone, PA 16686
26492	1.00	1.00	Lake Kristi 3933 Mobleys Bridge Rd Grimesland, NC 27837
25829	1.00	1.00	Hopkinton Runners Society 63 Penacook Rd Hopkinton Fairgrounds - Hopkinton, NH, NH 03229
25616	1.00	1.00	Veterans Park Fort Myers, FL 33912
26291	1.00	1.00	Lake McKethan Recreation Area Brooksville, FL 34601
18895	1.00	1.00	Fenner Fields, Cazenovia, NY Cazenovia, NY 13035
27122	1.00	1.00	Bridger Creek Golf Course 2710 McIlhattan Rd, Bozeman, MT 59715
24311	1.00	1.00	South County Regional Park Boca Raton , FL 33334
24355	1.00	1.00	New Mexico Highlands Las Vegas, NM 87701
27214	1.00	1.00	John Hunt Cross Country Park Huntsville, AL
8904	1.00	1.00	Colorado Mesa Grand Junction, CO 81501
12118	1.00	1.00	Shadow Mountain Sparks, NV 89434
13928	1.00	1.00	Hopkinton State Fairgrounds Hopkinton, NH 03229
14924	1.00	1.00	Avery Park 100 Avery Park Road Corvallis, OR 97330
8641	1.00	1.00	Mason Park, Irvine Irvine, CA 92612
9341	1.00	1.00	Central College Pella, IA 50428
9351	1.00	1.00	Van Cortlandt Park - Bronx, NY New York City, NY 06042
16507	1.00	1.00	CERAland Park 3989 S. 525 E. Columbus, IN 47203
8138	1.00	1.00	John Rudy County Park York, PA 17406
20437	1.00	1.00	Youthtowne Moon Township, PA
9199	1.00	1.00	Central College Pella, IA 50428
27206	1.00	1.00	Abraham Baldwin Agricultural College One Blue Devil Way Tifton, GA 32312
10960	1.00	1.00	Salisbury Community Park 935 Hurley School Rd Salisbury, NC, NC 28144
22475	1.00	1.00	Woodlawn Beach Middle School Gulf Breeze, FL 32566
25464	1.00	1.00	Hagerty 3225 Lockwood Boulevard Oviedo, FL 32765
8811	1.00	1.00	Corban University Salem, OR 97303
8486	1.00	1.00	Colorado Springs, CO Colorado Springs, CO 80918
12929	1.00	1.00	Montana Missoula, MT 59812
9670	1.00	1.00	Western Carolina University Cullowhee, NC 28723
19627	1.00	1.00	Indian Rocks Christian Track Largo, FL 32312
23475	1.00	1.00	Lakewood Ranch Bradenton, FL 34211
13122	1.00	1.00	Pleasant Ridge Park 8271 Barker Rd Girard, PA 16417
27157	1.00	1.00	Owens Field Park 1401 Hamilton Blvd Columbia, SC 29205
14731	1.00	1.00	Winthrop Farms Rock Hill, SC 29370
25459	1.00	1.00	RAM's XC Course Lake Mary, FL 32746
11770	1.00	1.00	Walsh University North Canton, OH 44720
15592	1.00	1.00	Country Club Shamrock, TX
21412	1.00	1.00	Indian River County Fairgrounds Vero Beach, FL 32963
10105	1.00	1.00	HOT Soccer Fields 6101 Airport Rd Waco, TX 76710
8858	1.00	1.00	University of North Florida Golf Course 1 Betty Holzendorf Drive Jacksonville, FL 32224
9760	1.00	1.00	Riverside Cross Country Course Riverside, CA 92501
10106	1.00	1.00	HOT Soccer Fields 6101 Airport Rd Waco, TX 76710
8258	1.00	1.00	Bridgewater College 402 E. College St. Bridgewater, VA 22812
27176	1.00	1.00	Valley Pine Country Club 901 Lasker Golf Course Rd Jackson, NC 27845
13095	1.00	1.00	Craig Ranch Regional Park North Las Vegas, NV 89154
16156	1.00	1.00	Carl Albert State College Poteau, OK 74932
9120	1.00	1.00	Berry College Rome, GA 30089
27172	1.00	1.00	Graham Creek Nature Preserve Gulf Shores, AL 36527
12024	1.00	1.00	St. Vincent Latrobe, PA
17528	1.00	1.00	Southeastern Louisiana University Hammond, LA 70403
26769	1.00	1.00	Grinnell College Golf Course, IA Grinnell, IA 50112
13096	1.00	1.00	Craig Ranch Regional Park North Ls Vegas, NV 89154
14578	1.00	1.00	Greene County Airport Waynesburg, PA
9309	1.00	1.00	Marion Reservoir Marion, KS 67579
8470	1.00	1.00	UMaine Univ of Maine Orono, ME 04469
8495	1.00	1.00	Shippensburg University Cross Country Shippensburg, PA 17257
25539	1.00	1.00	Bartram Trail St Johns, FL 32259
8824	1.00	1.00	Hope College X-C Course (West Ottawa Golf Course) Holland, MI 49424
9053	1.00	1.00	Bloomsburg Bloomsburg, PA 17815
7926	1.00	1.00	Winthrop Univeristy Farm Course Rock Hill, SC 29732
8266	1.00	1.00	Iowa Western Community College Council Bluffs, IA 51503
14837	1.00	1.00	University Park Golf Club Muskegon, MI 49442
7985	1.00	1.00	University of Redlands Redlands, CA 92373
7981	1.00	1.00	Freedom Park - Charlotte, NC Charlotte, NC 28203
4191	1.00	1.00	Wayne State College Wayne, NE 48202
9386	1.00	1.00	San Gabriel Park Georgetown, TX 78626
25576	1.00	1.00	Fernandina Beach 2800 Bill Melton Rd Fernandina Beach, FL 32304
9110	1.00	1.00	Blue River CC Venue, Blue River Memorial Park 725 Lee Boulevard Shelbyville, IN 46176
9330	1.00	1.00	Texas A&M (Eastern Deadline) College Station, TX 77843
16643	1.00	1.00	Doane College XC Course Crete, NE 68372
10268	1.00	1.00	Shippensburg University Cross Country Shippensburg, PA 17257
10381	1.00	1.00	CIU Cross-Country Course Columbia, SC
10271	1.00	1.00	University of South Carolina 900 Clemson Rd Columbia, SC 29229
10400	1.00	1.00	Murray Park Cross-Country Course Murray, UT 84107
18791	1.00	1.00	Saratoga State Park SARATOGA SPRINGS, NY
9463	1.00	1.00	Central Arkansas 20 Kinley Dr Conway, AR
13937	1.00	1.00	Abilene Christian University Abilene, TX 79602
19477	1.00	1.00	Shorewood Cross Country Course Green Bay, WI 54115
12940	1.00	1.00	USC Aiken Pacer Path & Campus Aiken, SC
4297	1.00	1.00	UMaine Univ of Maine Orono, ME 04469
8743	1.00	1.00	Rivier Nashua, NH
20166	1.00	1.00	Hammock Park Hammock Park Dunedin , FL
8298	1.00	1.00	SUNY Plattsburgh Plattsburgh, NY 12901
11373	1.00	1.00	Wingate University 224 East Wilson St. Wingate, NC 28174
23540	1.00	1.00	Indian River County Fairgrounds Vero Beach, FL 32963
13431	1.00	1.00	Bethpage State Park Polo Field Garden City, NY 11530
10615	1.00	1.00	Indiana University Cross-Country Course Bloomington, IN 47408
10576	1.00	1.00	Avery Park 100 Avery Park Road Corvallis, OR 97330
10530	1.00	1.00	Lowes Creek County Park Eau Claire, WI 55441
22563	1.00	1.00	Quarry Lakes Regional Park Fremont, CA 94536
11906	1.00	1.00	Hopkinton State Fairgrounds Hopkinton, NH 03229
11909	1.00	1.00	Rosedale Park Pennington, NJ 08534
12183	1.00	1.00	Illinois-Chicago Chicago, IL 60608
12206	1.00	1.00	Illinois-Chicago Chicago, IL 60608
12117	1.00	1.00	Shadow Mountain Sparks, NV 89434
12197	1.00	1.00	Illinois-Chicago Chicago, IL 60608
21609	1.00	1.00	Indian Rocks Christian Track Largo, FL 32312
10798	1.00	1.00	Pole Green Park -- Richmond, VA 8996 Pole Green Park Lane Mechanicsville, VA 23116
12828	1.00	1.00	Delaware Valley University Doylestown, PA
11163	1.00	1.00	Avery Park 100 Avery Park Road Corvallis, OR 97330
11238	1.00	1.00	UW-Platteville Platteville, WI 53818
14702	1.00	1.00	The Max A. Mandel Municipal Golf Course 27700 FM 1472 Mines Road Laredo, TX 78045
25728	1.00	1.00	Crescent Lake Park 1320 5th St. N. St Petersburg, FL 32312
25100	1.00	1.00	Furman University Golf Course 400 N Hwy 25 Bypass Greenville, SC 29617
26962	1.00	1.00	Stony Creek Metropark 14500 E. Mile rd Shelby Twp., MI 48316
17728	1.00	1.00	Houghton College Field of Dreams XC Course Houghton, NY 14744
25370	1.00	1.00	South Lake High School Groveland, FL 34736
21336	1.00	1.00	Lake Mckethan Brooksville, FL
24766	1.00	1.00	Oak Ridge Park Hughesville, MD 20637
23665	1.00	1.00	King's Academy West Palm Beach, FL 33409
25930	1.00	1.00	Thetford PO Box 190 Academy Road Thetford Academy, VT 05074
13749	1.00	1.00	The Range--WTAMU Canyon, TX 79015
15701	1.00	1.00	Delaware Park Golf Course Buffalo, NY 14208
14220	1.00	1.00	Fun Valley Sports Complex 4401 W 4th Ave Hutchinson, KS 67501
20571	1.00	1.00	Ottawa Park Golf Course 2315 Walden Pond Toled, OH 43606
20512	1.00	1.00	Carlin Park Jupiter, FL 33458
14959	1.00	1.00	Bryant Univ. Campus Course Smithfield, RI 02917
16471	1.00	1.00	Angel Mounds Evansville, IN
24468	1.00	1.00	Texas A&M-CC Corpus Christi, TX 78412
27012	1.00	1.00	Cecil Field 13715 Lake Newman St Jacksonville, FL 32312
13971	1.00	1.00	Bluffton University Nature Preserve Bluffton, OH 45817
21974	1.00	1.00	Pine Crest West Fort Lauderdale, FL 33334
25444	1.00	1.00	Walters State CC 500 S Davy Crockett Pkwy Morristown, TN 37814
17220	1.00	1.00	Hillcrest Golf Course 800 Bigelow Ave Findlay, OH 45840
4082	1.00	1.00	Boling Park 1098 Marietta Hwy Canton, GA 30114
8622	1.00	1.00	Luther College Decorah, IA 50428
27002	1.00	1.00	Graham Creek Nature Preserve 1 Pride Dr. Foley, AL 36535
26749	1.00	1.00	Huntington University 450 MacGahan St. Huntington , IN 46750
26702	1.00	1.00	Arkansas Batesville, AR 72501
26742	1.00	1.00	Spruce Ridge Golf Club 26831 Dutch Settlement Rd. Dowagiac, MI 49047
24626	1.00	1.00	Out-of-Door Academy Sarasota, FL 34340
24029	1.00	1.00	Big Spring HS Newville, PA 17257
13782	1.00	1.00	McAlpine Creek Park Charlotte, NC
14340	1.00	1.00	Murray Park Cross-Country Course Murray, UT 84107
15944	1.00	1.00	Bethany Lutheran College Mankato, MN 56001
15992	1.00	1.00	Chamizal Memorial National Park, El Paso, TX 800 South Marcial St. ElPaso, TX 79905
8947	1.00	1.00	Glen Cannon Country Club 337 Glen Cannon Dr. Pisgah Forest, NC 28768
21696	1.00	1.00	Markham Park 16001 West SR-84 Sunrise, FL
17842	1.00	1.00	McDade Park Scranton, PA 18440
17851	1.00	1.00	Oberlin College North Fields 200 Woodland St Oberlin, OH 44074
27182	1.00	1.00	TRM Brewton, AL 36527
27212	1.00	1.00	Pomona-Pitzer Campus Course The Rains Center Claremont, CA 91711
27148	1.00	1.00	Lower Woodland Park Seattle, WA
25470	1.00	1.00	New Smyrna Beach 100 Barracuda Blvd. N. Smyrna Beach, FL 32169
19495	1.00	1.00	Twin Ponds on The Farm Montgomeryn, NY 10471
8489	1.00	1.00	Pecan Acres Park Nacogdoches, TX 75961
8964	1.00	1.00	Ronald C. Hoffmann Cross Country Course St. Lawrence University Park Street Canton, NY 13617
15146	1.00	1.00	Pole Green Park 8996 Pole Green Park Lane Mechanicsville, VA 23116
26135	1.00	1.00	Palisades Golf Course 2200 East Palisade Road Sterling, UT 84665
27149	1.00	1.00	Faith Academy Mobile, AL 36608
26073	1.00	1.00	Ouachita Baptist Cross Country Course Arkadelphia, AR
19551	1.00	1.00	Middle Georgia State Unviversity Fulton Mill Rd Macon, GA 31206
7924	1.00	1.00	Laurel Hill Plantation Mt Pleasant, SC 29466
14985	1.00	1.00	Crispin Golf Course- Oglebay Resort Wheeling, WV 26003
8284	1.00	1.00	Eagle Crest Golf Course Ypsilanti, MI 48197
9051	1.00	1.00	Gordon Cooper Technology Center, Shawnee, Ok Shawnee, OK 74804
14567	1.00	1.00	Carousel Farm Park 3700 Limestone Rd Wilmington, DE 19780
25649	1.00	1.00	Garret Mountain Reservation Woodland Park, NJ 07424
25754	1.00	1.00	West Orange 1625 Beulah Rd Winter Garden, FL 34787
8299	1.00	1.00	Delaware State University Dover, DE 19709
14902	1.00	1.00	Bucknell West Fields Lewisburg, PA 17837
8264	1.00	1.00	Gettysburg Gettysburg, PA 17522
9306	1.00	1.00	Western Carolina University Cullowee, NC 28723
9389	1.00	1.00	Camp Hoblitzelle Midlothian, TX 76065
8905	1.00	1.00	Quincie Douglas Park Tucson, AZ 85713
8708	1.00	1.00	Golden Gate Park, San Francisco, CA San Francisco, CA 94118
22988	1.00	1.00	Chambers Creek Regional Park 6320 Grandview Dr W. Univerity Place, WA 98467
6786	1.00	1.00	Hope College X-C Course (Ridge Point Church) Holland, MI 49424
8125	1.00	1.00	SUNY Plattsburgh Plattsburgh, NY 12901
8067	1.00	1.00	Pacific Lutheran Invitational 2015 TACOMA, WA 98447
7934	1.00	1.00	Rosedale Park Pennington, NJ 08534
25114	1.00	1.00	Blakeley Park Spanish Fort, AL 36527
26507	1.00	1.00	New Smyrna Beach 100 Barracuda Blvd. N. Smyrna Beach, FL 32169
9604	1.00	1.00	Troy State Track & Field Dothan, AL 36303
10604	1.00	1.00	Haverford Haverford, PA 19013
19683	1.00	1.00	Livingstone 935 Hurley School Road Salisbury, NC 28147
8806	1.00	1.00	Weston Lake Recreation Area Columbia , SC 29208
9329	1.00	1.00	Doane College Crete, NE 68333
8686	1.00	1.00	Rolling Acres Golf Club McPherson, KS 67530
9797	1.00	1.00	Indiana University Cross Country Course Bloomington, IN 47408
21460	1.00	1.00	Carlin Park Jupiter, FL 33458
27170	1.00	1.00	Faith Academy Mobile, AL 36608
15987	1.00	1.00	McDaniel College 2 College Hill Westminster, MD 21157
23593	1.00	1.00	Palo Corona Carmel Valley, CA 93924
22256	1.00	1.00	Cedar Key Cedar Key, FL 32625
23402	1.00	1.00	Wiregrass Ranch High School Wiregrass Ranch High School Wesley Chapel, FL 33543
18777	1.00	1.00	Wayne State-Country Club Course Wayne, NE 68787
8886	1.00	1.00	Cottonwood Point, Marion Resevoir Marion, KS 66861
8911	1.00	1.00	Kings Island Golf Course Mason, OH 45039
8720	1.00	1.00	Saint Vincent College Latrobe, PA 15650
27020	1.00	1.00	Angel Mounds 2025 Lincoln Ave. Ramona Apt. Evansville, IN 63044
15207	1.00	1.00	Southern Arkansas University Magnolia, AR 71753
6629	1.00	1.00	Saxl Park Bangor, ME 04401
25938	1.00	1.00	Alabama 5901 Watermelon Rd. Northport, AL 35473
17544	1.00	1.00	Shelby Farms Park Memphis, TN 38112
27105	1.00	1.00	Oakridge Middle School 14975 Collier Boulevard Naples, FL 34119
7852	1.00	1.00	Leadbetter Beach / Shoreline Park Santa Barbara, CA 90210
26082	1.00	1.00	Gorby Family Cross Country Course 7574 Columbiana-Canfield Rd. Canfield, OH 44406
26083	1.00	1.00	Gorby Family Cross Country Course 7574 Columbiana-Canfield Rd. Canfield, OH 44406
25074	1.00	1.00	Fountain Central HS Veedersburg, IN
9331	1.00	1.00	Panorama Farms Charlottesville, VA 22901
24473	1.00	1.00	Goodells County Park Port Huron, MI
14176	1.00	1.00	Gettysburg College Gettysburg, PA 19530
24332	1.00	1.00	Beau Pre Golf Course McKinleyville, CA 95521
14277	1.00	1.00	Delaware Valley University Doylestown, PA
1031	1.00	1.00	Heartwell Park Long Beach, CA
19955	1.00	1.00	Winthrop Farm Course Rock Hill, SC 29733
992	1.00	1.00	Sherrod Residential Park Abilene, TX
9254	1.00	1.00	Texas A&M College Station, TX 77843
4026	1.00	1.00	Angel Mounds Cross Country Course Evansville, IN 47712
8613	1.00	1.00	Coastal Carolina University Conway, SC 29526
13943	1.00	1.00	Bucknell Cross Country Course Lewisburg, PA 17837
1131	1.00	1.00	Shelby Farms Course , TN
1088	1.00	1.00	Diablo Valley 321 Golf Club Drive Marquette, WI 49855
5475	1.00	1.00	Georgia College and State University Milledgeville, GA 12345
1043	1.00	1.00	Runners Soul Valley XC Classic , WA
8085	1.00	1.00	Currie Golf Course Midland, MI 48640
7742	1.00	1.00	Ash Creek Preserve Monmouth, OR 97351
7747	1.00	1.00	South Alabama Mobile, AL 12345
7754	1.00	1.00	Stanley Quarter Park New Britain, CT 06051
10208	1.00	1.00	Percy Warner State Park Nashville, TN
9414	1.00	1.00	Freed-Hardeman University Cross-Country Course Henderson, TN 38340
9343	1.00	1.00	Lakeside Municipal Golf Course Fort Dodge, IA 50428
9342	1.00	1.00	Hereford High School Parkton, MD 21120
9367	1.00	1.00	Pole Green Park -- Richmond, VA 8996 Pole Green Park Lane Mechanicsville, VA 23116
8924	1.00	1.00	Sunken Meadow State Park Kings Point, NY 11754
8856	1.00	1.00	Speedway Meadows, Golden Gate Park San Francisco, CA 94118
8773	1.00	1.00	Delaware State Complex Dover, DE 19901
8729	1.00	1.00	Vaughn's Gap @ Percy Warner Park 7311 TN-100 Nashville, TN 37221
8591	1.00	1.00	Chamizal Memorial National Park El Paso, TX 79905
8502	1.00	1.00	Percy Warner State Park Nashville, TN 00000
8499	1.00	1.00	MACGREGOR PARK 5225 CALHOUN HOUSTON, TX 77021
8352	1.00	1.00	Goucher College, Towson, MD Towson, MD 21204
8181	1.00	1.00	University of Central Florida Orlando, FL 32825
8277	1.00	1.00	Foundation Field, Lock Haven University Havenview Drive Lock Haven, PA 17745
8329	1.00	1.00	Texas-Tyler Tyler, TX 75707
8272	1.00	1.00	Lynn Creek Park Grand Prairie, TX 75052
9138	1.00	1.00	Haverford College Haverford, PA 19010
9084	1.00	1.00	Ash Creek Preserve Church St West Monmouth, OR 97361
9141	1.00	1.00	Cross Country Course Lincoln, PA 19352
9258	1.00	1.00	Furman University Greenville, SC 29613
7883	1.00	1.00	Laurel Hill Plantation Mount Pleasant, SC 29465
8017	1.00	1.00	Willamette Mission State Park Brooks, OR 97330
9023	1.00	1.00	Wapicada Golf Course Sauk Rapids, MN 55441
8908	1.00	1.00	Pacific Lutheran TACOMA, WA 98447
8147	1.00	1.00	Carousel Park, Wilmingon, DE Wilmington, DE 19808
8249	1.00	1.00	Rosedale Park Pennington, NJ 08534
10401	1.00	1.00	Lower Woodland Park 1000 N 50th St Seattle, WA 98103
9634	1.00	1.00	Stockton University Galloway, NJ 08205
10000	1.00	1.00	BYU-Hawaii Laie, HI 96762
9181	1.00	1.00	UNM North Golf Course Albuquerque, NM 87131
9144	1.00	1.00	Union Canal Tunnel Park Lebanon , PA 17003
8367	1.00	1.00	Turkeyville Farm 18935 15 1/2 Mile Rd Marshall, MI 49068
8366	1.00	1.00	Boling Park 1098 Marietta Hwy Canton, GA 30114
11982	1.00	1.00	Olmos Basin Park San Antonio, TX
9267	1.00	1.00	Angel Mounds State Historic Site 8215 Pollack Ave Evansville, IN 47715
9270	1.00	1.00	Noelridge Park Cedar Rapids, IA 50428
11355	1.00	1.00	Deer Path Park Flemington , NJ 07430
8496	1.00	1.00	Lowes Creek County Park Eau Claire, WI 55441
8578	1.00	1.00	Alumni Cross Country Course Haverford, PA 19041
10108	1.00	1.00	HOT Soccer Fields 6101 Airport Rd Waco, TX 76710
10186	1.00	1.00	Fountain Bluff Sports Complex 2200 Old State Hwy 210 Liberty, MO 64068
10104	1.00	1.00	HOT Soccer Fields 6101 Airport Rd Waco, TX 76710
10175	1.00	1.00	Hope College X-C Course (Ridge Point Church) Holland, MI 49424
11063	1.00	1.00	www.finishedresults.com Riverside, CA 92521
8722	1.00	1.00	St. Olaf College Cross-Country Course Northfield, MN 55057
8646	1.00	1.00	Grinnell Country Club - Grinnell College Grinnell, IA 50112
8726	1.00	1.00	Field of Dreams Cross Country Course One Willard Avenue Houghton, NY 14744
7810	1.00	1.00	Harry Pritchett Course, Tuscaloosa, Alabama Tuscaloosa, AL 35487
7753	1.00	1.00	Central Connecticut New Britain, CT 06051
8033	1.00	1.00	IU East Cross Country Course Richmond, IN 12345
13717	1.00	1.00	McIver Park Estacada, OR 97219
12189	1.00	1.00	Illinois-Chicago Chicago, IL 60608
12234	1.00	1.00	Illinois-Chicago Chicago, IL 60608
12212	1.00	1.00	Illinois-Chicago Chicago, IL 60608
9635	1.00	1.00	Stockton University 101 Vera King Farris Drive Galloway, NJ 08205
9588	1.00	1.00	Cal State San Marcos Campus San Diego, CA 92096
12499	1.00	1.00	Montana Missoula, MT 59812
12928	1.00	1.00	Montana Missoula, MT 59812
12919	1.00	1.00	Bethany Lutheran College Mankato, MN 56001
13370	1.00	1.00	Furman University Golf Course Greenville, SC 29613
10886	1.00	1.00	Matthews Industrial Park Santee, SC 29117
14604	1.00	1.00	Columbia International University Columbia, SC
11205	1.00	1.00	St Vincent College Latrobe, PA 15650
15261	1.00	1.00	River Creek Golf Course Wichita Falls, TX 76308
15296	1.00	1.00	University of Redlands Cross Country Course 1200 East Colton Avenue Redlands, CA 92373
15304	1.00	1.00	Wingate University 224 East Wilson St. Wingate, NC 28174
12342	1.00	1.00	Pole Green Park -- Richmond, VA 8996 Pole Green Park Lane Mechanicsville, VA 23116
12125	1.00	1.00	Roadman Park-California California, PA 15417
12235	1.00	1.00	Illinois-Chicago Chicago, IL 60608
12186	1.00	1.00	Illinois-Chicago Chicago, IL 60608
14633	1.00	1.00	Georgia International Horse Park Conyers, GA 30013
14346	1.00	1.00	Murray Park Cross-Country Course Murray, UT 84107
14339	1.00	1.00	Murray Park Cross-Country Course Murray, UT 84107
12434	1.00	1.00	Castleton College Cross-Country Course Castleton, VT 05735
12462	1.00	1.00	Lowes Creek County Park Eau Claire, WI 55441
15135	1.00	1.00	Alumni XC 370 Lancaster Ave Haverford, PA 19041
13242	1.00	1.00	Rebsamen Golf Course Little Rock, AR 72204
13237	1.00	1.00	Rebsamen Golf Course Little Rock, AR 72204
13520	1.00	1.00	Deer Path Park Flemington, NJ 08882
13235	1.00	1.00	Rebsamen Golf Course Little Rock, AR 72204
14215	1.00	1.00	Saxl Park Bangor, ME 04469
14136	1.00	1.00	Bicentennial Park 5351 Park West Lane Northampton, PA 18067
13854	1.00	1.00	Ohio Christian University 1476 Lancaster Pike Circleville, OH 43113
13670	1.00	1.00	Virginia Tech Blacksburg, VA 24060
15612	1.00	1.00	Blue River CC Venue, Blue River Memorial Park Shelbyville, IN 46176
15606	1.00	1.00	Apple Ridge Run Cross Country Course Yakima, WA 98926
15521	1.00	1.00	McAlpine Creek Park Charlotte, NC
14152	1.00	1.00	Gettysburg Cross Country Course Gettysburg, PA 17325
14045	1.00	1.00	Riverside Course Riverside, CA 92506
14942	1.00	1.00	Kansas Veteran's Home Winfield, KS 67019
15278	1.00	1.00	Hope College X-C Course (Hope College) Holland, MI 49424
16118	1.00	1.00	University of St. Joseph West Hartford, CT 06117
16184	1.00	1.00	Colburn Park Green Bay, WI 54304
16167	1.00	1.00	Lake Breeze Golf Course Oshkosh, WI 00000
18631	1.00	1.00	Newberry XC Course Newberry, SC
15113	1.00	1.00	Southeast Metropolitan Park Austin, TX 78746
19133	1.00	1.00	Eastern Michigan Ypsilanti, MI 48197
17920	1.00	1.00	Goucher College XC Course Towson, MD 21402
15933	1.00	1.00	Hopkinton Fairgrounds Hopkinton, NH 03229
19794	1.00	1.00	Pine Crest West Fort Lauderdale, FL 33334
16512	1.00	1.00	Purdue Northwest Hammond, IN
18056	1.00	1.00	Chambers Bay Central Meadow University Place, Washington, WA 98195
19354	1.00	1.00	Ram's XC Course Lake Mary, FL 32746
20406	1.00	1.00	Bill Roberts Golf Course Helena, MT 59601
20260	1.00	1.00	Apple Ridge Yakima, WA 98926
18581	1.00	1.00	Rice University Houston, TX 77251
20599	1.00	1.00	Cedar Key Cedar Key, FL 32625
19667	1.00	1.00	Virginia Tech 185 Beamer Way Blacksburg, VA 24060
19659	1.00	1.00	Sunken Meadow State Park Sunken Meadow State Park Kings Park, NY 11754
19399	1.00	1.00	Chambers Creek Regional Park University Place, WA 98467
21878	1.00	1.00	Huntington Univ Huntington, IN 46750
20727	1.00	1.00	Carousel State Park Wilmington, DE
19740	1.00	1.00	Gettysburg College cross-country course 300 N Washington St Gettysburg, PA 17325
21106	1.00	1.00	Clackamas Community College Oregon City, OR 97045
18889	1.00	1.00	Pleasant Ridge Park XC Course Girard, PA 16417
21290	1.00	1.00	St Cloud High School 2000 Bulldog Lane St. Cloud, FL 34769
21324	1.00	1.00	Sperling Sports Complex Deland, FL 32724
19336	1.00	1.00	Bradford Middle School Starke, FL
23013	1.00	1.00	Palmetto Ridge HS Naples, FL 34116
23011	1.00	1.00	Oak Ridge FL Naples , FL 32809
23372	1.00	1.00	St Cloud High School 2000 Bulldog Lane St. Cloud, FL 34769
23381	1.00	1.00	Fred Poppe Regional Park Palm Bay, FL 32907
23903	1.00	1.00	South Lake High School Groveland, FL 34715
22651	1.00	1.00	Alabama Tuscaloosa, AL 35487
21694	1.00	1.00	Markham Park 16001 West SR-84 Sunrise, FL
22849	1.00	1.00	Eagle Island State Park Eagle, ID
25368	1.00	1.00	St Cloud High School 2000 Bulldog Lane St. Cloud, FL 34769
24423	1.00	1.00	Tom Britt Memorial Park Wheeler, TX
23376	1.00	1.00	East Ridge High School Clermont, FL 34711
23360	1.00	1.00	Lake McKethan Lake Brooksville, FL
25917	1.00	1.00	Palmer Trinity Main Field 7900 SW 176 Street Palmetto Bay, FL 33157
25753	1.00	1.00	Salisbury Community Park XC Course Salisbury, NC 28147
25412	1.00	1.00	Wiregrass Ranch 2909 Mansfield Blvd Wesley Chapel, FL 33543
24454	1.00	1.00	Pollardâ€™s Field 2000 W Villa View Dr. Siloam Springs, AR 72761
22543	1.00	1.00	Northwood Univ MIdland, MI 48640
26159	1.00	1.00	Florida Deaf Anastasia Island, St. Augustine, FL 32084
26142	1.00	1.00	Emerald Coast Middle School Santa Rosa Beach, FL
25485	1.00	0.80	St. John Paul II Catholic School 5100 Terrebone Drive Tallahassee, FL 32312
25398	1.00	1.00	Indian River County Fairgrounds Vero Beach, FL 32963
25361	1.00	1.00	East Ridge High School 13322 Excalibur Rd Clermont, FL 34711
25414	1.00	1.00	Carney Island Recreation & Conservation Area 13275 SE 115th Ave Ocklawaha, FL 32179
26856	1.00	1.00	Taylor Park 100 East Washington Avenue Largo, FL 32180
25947	1.00	1.00	Tippecanoe County Amphitheater Park Lafayette, IN 47905
25952	1.00	1.00	Kingswood Regional High School 396 South Main St. Abenaki Ski Area - Wolfeboro, NH 03894
24378	1.00	1.00	Fountain Central Veedersburg, IN
24696	1.00	1.00	Sombrero Beach Key West, FL
26683	1.00	1.00	Freed-Hardeman Henderson, TN 38340
25716	1.00	1.00	Lancaster County Central Park 1049 Rockford Rd. Lancaster, PA 17602
25609	1.00	1.00	Lake Mckethan Brooksville, FL 34601
25848	1.00	1.00	King's Academy West Palm Beach, FL 33409
25510	1.00	1.00	Heritage Park & Gardens 1004 Helvenston St SE Live Oak, FL 34741
26221	1.00	1.00	Huntington Univ. 1300 Green Road Huntington, IN 46774
27200	1.00	1.00	Oberlin College Oberlin, OH 44074
23449	1.00	1.00	Alligator Park Lake City, FL
26851	1.00	1.00	Blakeley Park 9300 Lawson Rd. Spanish Fort, AL 36527
26944	1.00	1.00	Blakeley Park Spanish Fort, AL 36527
27302	1.00	1.00	Woodward Park 1101 E. University Avenue Fresno, CA 93741
26354	1.00	1.00	North Central College @ St.James Fram 2S541 Winfield Rd Chicago, IL 60625
27066	1.00	1.00	Central Wyoming College , WY
26552	1.00	1.00	Big Walnut Sports Park 910 E Washington St. Greencastle, IN 46135
27184	1.00	1.00	Blakeley Park 9300 Lawson Rd. Spanish Fort, AL 36527
26699	1.00	1.00	Hanover College Cross Country Course 500 S Gardner St Scottsburg, IN 47170
18951	1.00	1.00	Compton Wilson Park, CA 90221
12412	1.00	1.00	Luther College Decorah, IA 50428
26578	1.00	1.00	Taylor University Uploand, IN 46989
11306	1.00	1.00	North East Metropolitan Park Pflugerville, TX 78727
21305	1.00	1.00	Wiregrass Ranch Wesley Chapel, FL 33543
9702	1.00	1.00	North East Metropolitan Park Pflugerville, TX 78727
9791	1.00	1.00	LAKE LONG AUTIN, TX 78701
21611	1.00	1.00	Indian Rocks Christian Track Largo, FL 32312
10387	1.00	1.00	Murray Park Cross-Country Course Murray, UT 84107
26323	1.00	1.00	Tippecanoe Valley Akron, IN 46910
9214	1.00	1.00	Luther College Decorah, IA 50428
19629	1.00	1.00	Walsingham Park Largo, FL 32312
19886	1.00	1.00	Lewis & Clark College Portland, OR 97219
12359	1.00	1.00	Murray Park Cross-Country Course Murray, UT 84107
11219	1.00	1.00	Western Carolina University 1 University Way Cullowhee, NC 28723
14211	1.00	1.00	Univeristy of the Ozarks Trails Clarksvile, AR
10448	1.00	1.00	Collin Country Adventure Camp Anna, TX Melissa, TX 75454
8440	1.00	1.00	Texas A&M International University 5201 University Blvd Laredo, TX 78041
14679	1.00	1.00	Arkalon Park Wichita, KS
6936	1.00	1.00	Alumni Cross Country Course Haverford, PA 12345
16331	1.00	1.00	Highland HS 9135 Erie St. Highand, IN 46321
8610	1.00	1.00	Murray Park Cross-Country Course Murray, UT 84107
19832	1.00	1.00	Bulldog Stadium Borger, TX 79007
14698	1.00	1.00	Balboa Park San Diego, CA 92101
13989	1.00	1.00	Arroyo Verde Park Ventura, CA 93003
1030	1.00	1.00	El Dorado Park , CA
27155	1.00	1.00	WakeMed Soccer Park -- Cary NC Cary, NC
21328	1.00	1.00	Hawk XC Course Port Orange, FL 32119
10574	1.00	1.00	Avery Park 100 Avery Park Road Corvallis, OR 97330
8224	1.00	1.00	St. Joseph's College Kings Point, NY 11754
12288	1.00	1.00	Louisiana Tech Ruston, LA 71272
18737	1.00	1.00	Pine Crest West Fort Lauderdale, FL 33334
18427	1.00	1.00	Haverford Haverford, PA 19041
19673	1.00	1.00	Crystal Springs XC Course Millbrae, CA
10935	1.00	1.00	Clemson Sandhill Research and Education Center Columbia, SC 29208
13159	1.00	1.00	Crystal Springs XC Course Belmont, CA 95119
15978	1.00	1.00	Lowes Creek County Park Eau Claire, WI 55441
8501	1.00	1.00	TLU Fleming and Memorial Seguin, TX 78666
