# tfrrs_meet	score	runner	location_id	gps_lat	gps_long	anet_course_name	tfrrs_location_raw
8385	1.00	0.50	523	40.515503	-89.021454	Maxwell Park	Maxwell Park Normal, IL 12345
8371	1.00	0.50	20399	44.602383	-75.18346	SUNY Canton	SUNY Canton Canton, NY 13617
9097	1.00	0.00	10129	38.34286	-81.83919	Meadowood Park	Meadowood Soccer Complex Tornado, WV 25202
7673	1.00	0.00	23061	43.46084	-85.95441	Fremont MS	Fremont HS address Fremont, MI 49412
9477	1.00	0.50	25995	46.836582	-96.74323	Moorhead Soccer Complex	Moorview Soccer Complex 23rd St S Moorhead, MN 56560
7725	1.00	0.75	29705	30.737896	-95.5847	Kate Barr Ross Park	Kate Barr-Ross Park, Huntsville, TX Huntsville, TX 77341
7873	1.00	0.25	24434	28.007912	-81.91145	Holloway Park	Holloway Park Lakeland, FL 32796
7906	1.00	0.33	48352	37.805073	-122.23635	Oakland High School	None Oakland, CA 94610
9560	1.00	0.50	1745	30.536364	-97.62613	Old Settlers Park	Old Settlers Park , TX
9132	1.00	0.50	31803	43.0528	-75.405975	Hamilton College	Hamilton College Cross-Country Course 1400 Washington Ave. Clinton, NY 13323
8265	1.00	0.50	24700	31.549334	-97.14667	Waco	Waco, TX 76798
9296	1.00	0.00	48982	31.270977	-86.47399	22940 AL-55	Stanley Park, Westfield, MA 677 Western Avenue Westfield, AL 01040
10263	1.00	0.50	11091	40.50382	-78.63762	St. Francis University Course	St FRANCIS COLLEGE Loretto, PA 15940
10232	1.00	0.67	8704	39.392746	-76.677025	The Park School of Baltimore	Oregon Ridge State Park Baltimore, MD 21252
10233	1.00	0.67	8704	39.392746	-76.677025	The Park School of Baltimore	Oregon Ridge State Park Baltimore, MD 21252
10230	1.00	0.67	8704	39.392746	-76.677025	The Park School of Baltimore	Oregon Ridge State Park Baltimore, MD 21252
10235	1.00	0.67	8704	39.392746	-76.677025	The Park School of Baltimore	Oregon Ridge State Park Baltimore, MD 21252
10215	1.00	0.50	7680	41.119858	-80.33228	Westminster	Westminster (Pa.) New Wilmington, PA 16142
12855	1.00	0.50	43796	30.349249	-91.07418	Highland Road Community Park	Highland Road Park Baton Rouge, LA
9184	1.00	0.33	48982	31.270977	-86.47399	22940 AL-55	Harry Pritchett XC Course, Tuscaloosa, Al. Tuscaloosa, AL 35487
9836	1.00	0.00	21787	39.421665	-76.701294	Stevenson University	Stevenson Stevenson, MD 21153
13109	1.00	0.50	25005	45.548637	-94.151535	St. Cloud State University	St. Cloud State St. Cloud, MN 56301
10366	1.00	0.50	6701	40.435062	-79.94175	Schenley Park	Schenley Pittsburgh, PA 15229
10165	1.00	0.50	19882	31.616037	-94.64393	Pecan Park	Pecan Park Nacogdoches, TX 75962
9731	1.00	0.00	34290	40.329666	-74.754776	Rosedale Park	Rosedale Park Hopewell, NJ 08628
8434	1.00	0.50	7680	41.119858	-80.33228	Westminster	WESTMINSTER COLLEGE NEW WILMINGTON, PA 16142
9269	1.00	0.67	23822	41.560383	-83.47063	Lake High School	Wallace Lake Berea, OH 44017
9294	1.00	0.33	8729	37.210857	-80.45935	Blacksburg HS XC Course 	Buford Meredith Cross Country Course Blacksburg, VA 24061
15658	1.00	0.50	38699	35.954403	-83.92946	University of Tennessee	Tennessee Tri-Star Cros Country Challenge 2450 E J. Chapman Dr. Knoxville, TN 37996
9259	1.00	0.50	10997	40.376152	-82.39579	Kenyon College	Kenyon CC Course Gambier, OH 43022
9561	1.00	0.33	3034	40.207767	-77.20549	Carlisle	Dicksonson Park Carlisle, PA 17013
14110	1.00	0.50	7974	46.830853	-96.92033	West Fargo Course	Rose Creek Golf Course 1500 East Rose Creek Pkwy S Fargo, ND 58104
14098	1.00	0.50	37159	34.97914	-81.87905	Spartanburg HS	Milliken Research Park 920 Milliken Park Spartanburg, SC 29301
14138	1.00	0.33	8206	39.01927	-76.759346	Bowie State University	Jericho Park 9510 Laurel Bowie Road Bowie, MD 20720
10238	1.00	0.67	48100	39.09071	-97.73533	Rock City Park	Rim Rock Farms Lawrence, KS 66045
15851	1.00	0.50	8210	42.96742	-78.95953	Beaver Island State Park	Beaver Island State Park 2136 Oakfield Road Grand Island, NY 14072
15896	1.00	0.50	11091	40.50382	-78.63762	St. Francis University Course	St Francis University Loretto, PA 15940
10582	1.00	0.75	11155	42.534954	-96.542854	Adams Nature Preserve	Adams Nature Preserve North Sioux City, SD 60572
9491	1.00	0.25	24434	28.007912	-81.91145	Holloway Park	Holloway Park Lakeland, FL 32779
8368	1.00	0.33	35988	37.29281	-80.0784	Salem HS	Elizabeth Campus Fields 1100 Kime Lane Salem, VA 24153
9264	1.00	0.00	26789	41.8803	-71.54437	Smithfield High School	Campus Course Smithfield, RI 02917
9735	1.00	0.50	19644	42.778973	-72.05554	Franklin Pierce University	Hosted by Franklin Pierce University Hopkinton, NH 03229
10439	1.00	0.50	6354	44.00761	-97.178055	 Madison Country Club	Madison Country Club Madison, SD 57042
10237	1.00	0.67	48100	39.09071	-97.73533	Rock City Park	Rim Rock Farms Lawrence, KS 66045
13228	1.00	0.00	21112	47.931187	-97.009346	East Grand Forks	UND Cross Country Course Grand Forks, ND 58202
13992	1.00	0.67	11706	33.86483	-118.06529	Cerritos High School	Don Knabe Park Cerritos, CA 92373
10882	1.00	0.50	41002	31.569035	-84.14042	Albany State University	ALBANY STATE UNIVERSITY ALBANY, GA 31705
10894	1.00	0.50	11207	40.170437	-80.23872	Washington & Jefferson College	Washington & Jefferson College Washington, PA 15301
10163	1.00	0.75	12517	38.975304	-76.48879	St. Mary's School - High School	Mount St. Mary's Emmitsburg, MD 21727
10144	1.00	0.75	12517	38.975304	-76.48879	St. Mary's School - High School	Mount St. Mary's Emmitsburg, MD 21727
10140	1.00	0.75	12517	38.975304	-76.48879	St. Mary's School - High School	Mount St. Mary's Emmitsburg, MD 21727
10943	1.00	0.50	43988	42.503033	-89.03091	Beloit College	St. Beloit Club Golf Course Beloit, WI 53511
10346	1.00	0.50	6701	40.435062	-79.94175	Schenley Park	Schenley Park Pittsburgh, PA 15229
10115	1.00	0.50	24219	41.433826	-75.636215	Marywood College	Marywood University Scranton, PA 18509
10451	1.00	0.00	19652	43.45102	-71.480225	Belmont High School	Belmont High School Belmont, NH 03246
14245	1.00	0.75	37373	44.82032	-73.091835	St. Albans City School	Hard'ack Rekreational Area St Albans City, VT 05478
8309	1.00	0.50	16845	34.774048	-79.46282	St. Andrews College Course	St. Andrews Laurinburg, NC
8304	1.00	0.25	18155	46.904213	-117.34572	Colfax Golf Club	Colfax Golf Club Colfax, WA 99111
12887	1.00	0.50	1578	42.302826	-71.08769	Franklin Park	Franklin Park Boston, MA 02131
10094	1.00	0.50	43977	40.16672	-74.906975	Cairn University	Cairn University Campus 200 Manor Avenue Langhorne, PA 19047
10097	1.00	0.50	25112	40.752335	-73.0682	Broadway Park	Broadway Park Broadway Ave. Sayville, NY 11782
14461	1.00	0.50	381	40.792305	-89.579346	Detweiller Park	Detweiller Park Peoria, IL 61614
10361	1.00	0.50	6701	40.435062	-79.94175	Schenley Park	Schenley Park Pittsburgh, PA 15229
18592	1.00	0.50	6354	44.00761	-97.178055	 Madison Country Club	Madison Golf and Country Club 45152 233rd St Madison, SD
22737	1.00	0.33	43346	38.469414	-85.947716	Borden	Warpath Borden, IN
20761	1.00	0.50	43461	28.376501	-80.699265	Merritt Island High School	Merritt Island Merritt Island, FL 32926
22826	1.00	0.67	26506	27.497335	-82.601654	Saint Stephen's Episcopal School	Saint Stephen's Episcopal School Bradenton, FL
18540	1.00	0.50	11173	42.712883	-73.20314	Williams College	Williams COLE FIELD WILLIAMSTOWN, MA 01267
17892	1.00	0.50	28915	40.073486	-76.28809	Lancaster Bible College Campus	Lancaster Bible College LBC XC Course Lancaster, PA 17601
22593	1.00	0.50	6589	41.011463	-85.76019	Manchester University	Conference 1 Squire Drive North Manchester, IN 46962
22433	1.00	0.50	8494	40.057583	-76.33695	F&M Baker Campus Course	F&M Baker Campus Lancaster, PA 17604
22038	1.00	0.50	26719	30.162683	-81.58432	Mandarin High School	Mandarin Jacksonville, FL 32258
20285	1.00	0.25	31762	27.443476	-82.59333	Bayshore High School	Bayshore Bradenton, FL 34210
16219	1.00	0.50	9421	37.28538	-79.943756	Washington Park	Mary Washington Fredericksburg, VA
17624	1.00	0.50	35849	37.97085	-122.51362	San Rafael High School	Dominican Home Course San Rafael, CA
19980	1.00	0.50	10926	40.19679	-75.237335	Gwynedd Mercy College	Gwynedd Mercy 1325 Sumneytown Pike Gwynedd Valley, PA 19437
14366	1.00	0.33	38405	39.990326	-75.21266	Belmont Plateau	Belmont Plateau Doylestown, PA 19131
16707	1.00	0.50	5691	38.96859	-104.84631	Air Academy High School	Air Force USAF Academy, CO 80840
15871	1.00	0.00	6366	37.570583	-84.28897	Berea College	Berea College Berea, KY 40404
16421	1.00	0.50	26962	31.467829	-100.50381	San Angelo State Park (South)	Angelo State San Angelo, TX 79710
15809	1.00	0.50	4503	41.864704	-84.34679	Hudson HS	Hudson MIills Metropark Dexter, MI 48130
19763	1.00	0.25	46686	28.62417	-81.179756	Hagerty High School	Hagerty High School Oviedo, FL 32765
16155	1.00	0.00	24965	37.26723	-81.23744	Bluefield State	Lotito Park 1780 Stadium Drive Bluefield, WV 24605
16148	1.00	0.50	1745	30.536364	-97.62613	Old Settlers Park	Old Settlers Park , TX
15584	1.00	0.00	21787	39.421665	-76.701294	Stevenson University	Stevenson University Stevenson, MD 21153
18219	1.00	0.33	31687	36.674164	-121.667625	Hartnell College	Hartnell Salinas, CA 93901
20811	1.00	0.50	48798	32.28714	-81.080666	Hardeeville	Jasper Park Hardeeville, SC 31402
20844	1.00	0.50	22421	45.977043	-112.52242	Highland View Golf Course	Highland View Golf Course Butte, MT
20913	1.00	0.50	37159	34.97914	-81.87905	Spartanburg HS	Milliken 920 Milliken Rd Spartanburg, SC 29301
18699	1.00	0.50	40033	36.213642	-83.26157	Walters State Community College	Walters State Course Morristown, TN 37814
17280	1.00	0.50	8400	35.30374	-80.729904	UNC Campus Course	UNC Pembroke Pembroke, NC
18586	1.00	0.00	22778	42.99858	-78.72785	Bassett Park	Bassett Park Williamsville, NY 14226
16860	1.00	0.50	12452	37.27369	-107.871185	Fort Lewis College	Fort Lewis Durango, CO
19509	1.00	0.50	4762	27.05152	-80.14069	The Pine School	Pine School Stuart, FL
16351	1.00	0.33	38175	39.901375	-85.84411	Mt Vernon High School	Mt Vernon HS Fortville, IN 46040
22126	1.00	0.50	22572	41.678917	-86.10772	Penn HS	Penn 59400 Elm Rd Mishawaka, IN 46544
22057	1.00	0.33	43346	38.469414	-85.947716	Borden	Borden , IN
21564	1.00	0.25	5892	36.096203	-94.16504	University of AR XC course	Indiana East , AR
21950	1.00	0.33	43346	38.469414	-85.947716	Borden	Borden , IN
21348	1.00	0.25	23515	27.721754	-82.405	Lennard High School	Lennard HS Ruskin, FL
20901	1.00	0.50	43563	43.437054	-71.82338	Proctor Academy	North Star Timing Proctor Academy, NH 03303
22585	1.00	0.50	6589	41.011463	-85.76019	Manchester University	Conference 1 Squire Drive North Manchester, IN 46962
19757	1.00	0.50	31914	43.2542	-87.91553	Concordia University	Concordia (Wis.) Mequon, WI 53097
22368	1.00	0.50	8951	40.05832	-86.46246	Lebanon High School	Hanging Rock West Lebanon, IN
20785	1.00	0.50	19871	32.87907	-85.184906	Point University	Point University West Point, GA
20770	1.00	0.00	43979	36.302017	-82.29484	Milligan University	Milligan University Milligan, TN 37682
20345	1.00	0.33	12893	41.18995	-85.19364	Carroll High School	FW Carroll MS Ft. Wayne, IN 46818
22234	1.00	0.33	5257	40.41406	-86.59763	Rossville HS	Rossville Rossville, IN 46065
22283	1.00	0.00	9177	44.881985	-68.67743	Orono High School	PVCC Orono, ME 04469
22062	1.00	0.75	8951	40.05832	-86.46246	Lebanon High School	Hanging Rock Camp West Lebanon, IN
26361	1.00	0.50	20927	24.577541	-81.74571	Key West Golf Club	Key West Key West, FL 33040
25127	1.00	0.50	5575	47.13055	-104.74429	Cottonwood Country Club	Cottonwood Country Club 508 Country Club Rd Glendive, MT 59330
22377	1.00	0.50	43554	30.482635	-81.6083	First Coast High School	First Coast Jacksonville, FL 32218
22736	1.00	0.33	43346	38.469414	-85.947716	Borden	Warpath Borden, IN
22595	1.00	0.33	43346	38.469414	-85.947716	Borden	Borden Borden, IN
26868	1.00	0.33	42146	39.195957	-86.22246	Eagle Park	Eagle Park P.O. Box 68 Nashville, IN 47448
23450	1.00	0.50	29389	37.557648	-79.08286	Sweet Briar College	Sweet Briar College Amherst, VA 24595
23468	1.00	0.00	2211	42.326298	-72.52556	Hampshire College XC course	Hampshire College Hampshire, MA 01002
23469	1.00	0.00	34957	35.751415	-83.964165	Maryville College Course	Maryville College Maryville, TN
26759	1.00	0.50	43554	30.482635	-81.6083	First Coast High School	First Coast Jacksonville, FL 32218
22303	1.00	0.75	25642	26.242607	-98.24962	Soccer Complex	Cris Quinn Soccer Complex Beaumont, TX 77713
27258	1.00	0.50	47963	39.710392	-83.87941	Wilberforce University	Wilberforce University Wilberforce, OH
25088	1.00	0.67	16603	46.925964	-95.06496	Park Rapids High School	Wapikada Golf Course Sauk Rapids, MN 56379
25542	1.00	0.25	41081	29.486868	-82.86187	Chiefland High School	Chiefland Chiefland, FL 32626
26563	1.00	0.67	4166	37.341	-89.58894	Cape County 	Cape Splash Center Cape Girardeau, MO 67301
23891	1.00	0.50	43892	27.633774	-80.35194	South Beach Park	Hebrew Academy Miami Beach, FL 33140
25555	1.00	0.67	48378	39.45647	-87.26305	LaVern Gibson Championship Cross Country Course	LaVern Gibson Championship Cross Country Cour 599 S Tabortown St Terre Haute, IN 47803
27153	1.00	0.25	2626	26.172935	-81.79469	Naples High School	PRHS 1655 victory lane Naples, FL 34120
26408	1.00	0.25	46576	28.226686	-81.58783	Davenport High School	Davenport Davenport, FL 33837
26445	1.00	0.50	43554	30.482635	-81.6083	First Coast High School	@ First Coast HS Jacksonville, FL 32208
26794	1.00	0.50	22129	46.969284	-98.77077	Parkhurst Recreation Area	Parkhurst Recreation Area 6030 College Lane Jamestown, ND 58405
23822	1.00	0.33	34204	28.09072	-80.61965	Melbourne High School	Melbourne Melbourne, FL 32901
26852	1.00	0.67	13048	41.73818	-70.592316	Bourne High School	Mass. Maritime Academy 101 Academy Drive Bourne, MA 02532
26887	1.00	0.50	17669	42.79387	-71.43797	Alvirne High School	Alvirne High School 200 Derry Rd., Rte. 102 Hills House X-C Course - Hudson, NH 03051
25397	1.00	0.50	23123	29.144953	-82.16773	Trinity Catholic High School	Trinity Catholic 2600 S.W. 42nd St. Ocala, FL 34474
26358	1.00	0.50	29508	38.96992	-90.378365	North Farms	St. James Farms Wrenville, IL 60555
8936	1.00	0.00	34957	35.751415	-83.964165	Maryville College Course	Maryville College Maryville, TN
8437	1.00	0.50	21030	36.228817	-82.33021	Buffalo Valley Golf Course	Buffalo Valley Golf Course, Unicoi, TN Unicoi, TN 37692
8835	1.00	0.00	38560	38.90756	-76.9545	Kenilworth Park	Kenilworth Park Washington, DC 20019
8458	1.00	0.50	20624	32.119648	-84.18602	Americus-Sumter High School	Americus Sumter Park 726 S Martin Luther King Blvd Americus, GA 31719
13127	1.00	0.50	798	37.79995	-87.026535	Yellow Creek Park	Yellow Creek Park City Not Supplied, KY
15466	1.00	0.50	469	47.173557	-122.55606	Ft. Steilacoom Park	Ft. Steilacoom Park Tacoma, WA 98416
11190	1.00	0.50	39373	39.942837	-82.890976	Columbus	Capital University Columbus, OH 43209
14574	1.00	0.00	8302	42.983704	-82.65371	Goodells County Park	Goodells County Park Goodells, MI 48653
14359	1.00	0.00	6522	42.58783	-70.82393	Gordon College	Gordon College Wenham, MA 04005
10137	1.00	0.75	12517	38.975304	-76.48879	St. Mary's School - High School	Mount St. Mary's Emmitsburg, MD 21727
10133	1.00	0.75	12517	38.975304	-76.48879	St. Mary's School - High School	Mount St. Mary's Emmitsburg, MD 21727
8854	1.00	0.50	7667	41.159893	-73.25755	Fairfield University	Fairfield University Fairfield, CT 06824
7506	1.00	0.50	7613	42.3163	-72.64031	Smith College	Smith College 106 Village Street Northampton, MA
14720	1.00	0.50	21518	40.687008	-75.4352	Bicentennial Park	Bicentennial Park Bethlehem, PA 18017
24807	1.00	0.25	31762	27.443476	-82.59333	Bayshore High School	Bayshore HS Bradenton, FL 34210
17646	1.00	0.50	35849	37.97085	-122.51362	San Rafael High School	Dominican University XC Course San Rafael, CA
22110	1.00	0.25	10773	25.729084	-80.323616	Tropical Park	Tropical Park Miami, FL
18754	1.00	0.50	20867	41.351383	-72.13125	Stenger Farm Park	Stenger Farm New London, CT 06320
22583	1.00	0.25	21120	28.02859	-82.769585	Dunedin High School	Highlander Park Dunedin, FL 34698
16011	1.00	0.50	24875	28.07418	-82.407425	The Claw	The Claw Tampa, FL 11111
8383	1.00	0.33	10341	39.942604	-75.393486	Rose Tree Park 	Rose Tree Park Media, PA 12345
7793	1.00	0.50	10930	39.51374	-77.401726	Utica Park	Utica District Park Frederick, MD 21701
8134	1.00	0.33	8729	37.210857	-80.45935	Blacksburg HS XC Course 	Buford Meredith Cross Country Course Blacksburg, VA 24061
7990	1.00	0.00	9706	41.93264	-84.63365	Hillsdale College	Hillsdale College Hillsdale, MI 49242
8280	1.00	0.33	3034	40.207767	-77.20549	Carlisle	Carlisle, PA 17013
7765	1.00	0.50	24875	28.07418	-82.407425	The Claw	The Claw: USF Golf Course Tampa, FL 33607
9048	1.00	0.25	5892	36.096203	-94.16504	University of AR XC course	St. Catherines University City Not Supplied, AR
9247	1.00	0.50	2178	32.21392	-98.2009	Stephenville City Park	Tejas Golf Course Stephenville, TX 76402
9842	1.00	0.50	966	32.31568	-95.25061	UT Tyler	UT-Tyler Tyler, TX 75707
9781	1.00	0.33	8729	37.210857	-80.45935	Blacksburg HS XC Course 	Buford Merideth Cross Country Course XC Course Rd. Blacksburg, VA 24061
9195	1.00	0.33	7682	40.02803	-75.57157	Immaculata University	Immaculata Cross Country Course Malvern, PA 19345
26589	1.00	0.50	3565	26.273802	-80.174286	Tradewinds Park	Tradewinds Coconut Creek, FL 33073
7944	1.00	0.25	24434	28.007912	-81.91145	Holloway Park	Holloway Park - Lakeland, FL Lakeland, FL 32806
7885	1.00	0.00	6366	37.570583	-84.28897	Berea College	Berea College Alumni Fields Berea, KY, KY 40404
26101	1.00	0.25	10773	25.729084	-80.323616	Tropical Park	Tropical Park Miami , FL
18681	1.00	0.00	19652	43.45102	-71.480225	Belmont High School	Belmont HS Belmont, NH 03220
24956	1.00	0.00	48865	43.154236	-71.547745	Bow High School	Bow High School Bow, NH 03304
26320	1.00	0.50	6610	38.321877	-86.14439	North Harrison High School	Harrison HS West Lafayette, IN 47906
26521	1.00	0.33	27783	40.86443	-124.08047	Arcata Community Center	Humboldt Arcata, CA 95521
26725	1.00	0.50	33805	28.011845	-82.52018	Leto High School	Leto HS Tampa, FL 33614
26071	1.00	0.50	43892	27.633774	-80.35194	South Beach Park	Eagles XC Course Daytona Beach, FL 32114
26089	1.00	0.33	30820	41.044735	-85.29002	Van Hoozen Community Park	Van Hoozen Park / Homestead HS 4310 Homestead Rd Ft. Wayne, IN 46814
20511	1.00	0.50	46482	27.92004	-82.785545	Largo High School	Pennekamp Kay Largo, FL 33070
27070	1.00	0.50	26719	30.162683	-81.58432	Mandarin High School	Mandarin Jacksonville, FL 32258
10556	1.00	0.50	1055	42.86718	-77.24103	Finger Lakes Community College	Finger Lakes Community College Canandaigue, NY 14424
10365	1.00	0.50	6701	40.435062	-79.94175	Schenley Park	Schenley Park Pittsburgh, PA 15229
10249	1.00	0.50	13675	39.560574	-119.724045	Shadow Mountain Park	Shadow Mountain Park Sparkf, NV 89434
10142	1.00	0.75	12517	38.975304	-76.48879	St. Mary's School - High School	Mount St. Mary's Emmitsburg, MD 21727
10136	1.00	0.75	12517	38.975304	-76.48879	St. Mary's School - High School	Mount St. Mary's Emmitsburg, MD 21727
10134	1.00	0.75	12517	38.975304	-76.48879	St. Mary's School - High School	Mount St. Mary's Emmitsburg, MD 21727
19457	1.00	0.50	12452	37.27369	-107.871185	Fort Lewis College	Fort Lewis 2300 Rim Drive Durango, CO 81301
16645	1.00	0.00	24250	37.938473	-95.39629	Allen Community College	Allen County Country Club Iola, KS 66062
18784	1.00	0.50	1578	42.302826	-71.08769	Franklin Park	Franklin Park Boston, MA 02131
20389	1.00	0.25	22872	29.073198	-82.089485	Belleview HS	Belleview Belleview, FL
18392	1.00	0.33	19953	36.09185	-80.0787	Ivey Redmon Sports Complex	Ivey M. Redmon Sports Complex Kernersville, NC 27262
21388	1.00	0.25	21120	28.02859	-82.769585	Dunedin High School	Highlander Park Dunedin, FL
19238	1.00	0.50	1578	42.302826	-71.08769	Franklin Park	Franklin Park Boston, MA 02130
10802	1.00	0.50	7667	41.159893	-73.25755	Fairfield University	Fairfield University Fairfield, CT 06824
19736	1.00	0.50	39012	39.64853	-121.64494	Butte College Campus 	Butte College Oroville, CA 95965
10358	1.00	0.50	6701	40.435062	-79.94175	Schenley Park	Schenley Park Pittsburgh, PA 15229
10353	1.00	0.50	6701	40.435062	-79.94175	Schenley Park	Schenley Park Pittsburgh, PA 15229
10351	1.00	0.50	6701	40.435062	-79.94175	Schenley Park	Schenley Park Pittsburgh, PA 15229
10348	1.00	0.50	6701	40.435062	-79.94175	Schenley Park	Schenley Park Pittsburgh, PA 15229
10350	1.00	0.50	6701	40.435062	-79.94175	Schenley Park	Schenley Park Pittsburgh, PA 15229
10370	1.00	0.50	6701	40.435062	-79.94175	Schenley Park	Schenley Park Pittsburgh, PA 15229
10143	1.00	0.75	12517	38.975304	-76.48879	St. Mary's School - High School	Mount St. Mary's Emmitsburg, MD 21727
10139	1.00	0.75	12517	38.975304	-76.48879	St. Mary's School - High School	Mount St. Mary's Emmitsburg, MD 21727
10151	1.00	0.75	12517	38.975304	-76.48879	St. Mary's School - High School	Mount St. Mary's Emmitsburg, MD 21727
10149	1.00	0.75	12517	38.975304	-76.48879	St. Mary's School - High School	Mount St. Mary's Emmitsburg, MD 21727
10225	1.00	0.00	1129	38.923786	-94.73062	Johnson County Community College	Johnson Golf Course Johnson, KS 67855
10212	1.00	0.50	7680	41.119858	-80.33228	Westminster	Westminster (Pa.) New Wilmington, PA 16142
10231	1.00	0.67	8704	39.392746	-76.677025	The Park School of Baltimore	Oregon Ridge State Park Baltimore, MD 21252
10595	1.00	0.50	30284	34.40758	-119.84499	UCSB Lagoon	UCSB Lagoon Santa Barbara, CA 93101
10300	1.00	0.67	44077	30.027313	-90.06801	The University of New Orleans	UNO New Orleans, LA 70122
11351	1.00	0.50	17140	33.105614	-97.00047	Westlake Park	Westlake TX Austin, TX 78746
11908	1.00	0.00	19652	43.45102	-71.480225	Belmont High School	Belmont HS Belmont, NH 03220
12003	1.00	0.50	11091	40.50382	-78.63762	St. Francis University Course	ST FRANCIS LORETTO, PA 15940
11675	1.00	0.50	5180	41.47181	-88.182076	Channahon Community Park	Channahon Park 23304 W. McClintock Rd. Channahon, IL 60410
12370	1.00	0.00	43057	40.716686	-73.599396	Hofstra University	Hofstra University Hempstead, NY 11549
12371	1.00	0.00	43057	40.716686	-73.599396	Hofstra University	Hofstra University Hempstead, NY 11549
22720	1.00	0.25	31762	27.443476	-82.59333	Bayshore High School	Bayshore Bradenton, FL 34210
12367	1.00	0.00	43057	40.716686	-73.599396	Hofstra University	Hofstra University Hempstead, NY 11549
23482	1.00	0.33	33445	29.154387	-82.24975	West Port High School	Mitchell New Port Richey, FL 34655
9262	1.00	0.50	7930	42.965492	-76.07161	Jamesville Beach County Park	Jamesville Beach State Park Jamesville, NY 13502
13281	1.00	0.33	7682	40.02803	-75.57157	Immaculata University	Immaculata University 1145 W King Rd Immaculata, PA 19345
22488	1.00	0.33	28850	39.967632	-87.45259	North Vermillion High School	North Vermillion Cayuga, IN
12942	1.00	0.50	26035	41.261597	-73.164825	St. Joseph's High School	St. Joseph's University West Hartord, CT 00000
11375	1.00	0.50	28915	40.073486	-76.28809	Lancaster Bible College Campus	Lancaster Bible College 901 Eden Road Lancaster, PA 17601
12369	1.00	0.00	43057	40.716686	-73.599396	Hofstra University	Hofstra University Hempstead, NY 11549
11854	1.00	0.33	24684	39.9483	-75.53831	Westtown School	Westtown School Cheyney, PA 19319
23940	1.00	0.33	24745	42.91676	-71.63467	Freestyle Farm	Freestyle Farm Amherst, NH 03031
13674	1.00	0.67	8704	39.392746	-76.677025	The Park School of Baltimore	Oregon Ridge Park Baltimore, MD 21252
11893	1.00	0.50	7974	46.830853	-96.92033	West Fargo Course	Rose Creek Golf Course Fargo, ND 58102
12883	1.00	0.50	26880	38.957375	-95.75977	Washburn Rural High School 	Washburn Rural Topeka, KS
11654	1.00	0.67	19681	38.06802	-97.92053	Hutchinson Community College	Hutchinson Fun Valley Hutchinson, KS 67501
23405	1.00	0.50	12691	40.27603	-79.53228	University of Pittsburgh-Greensburg	University of Pittsburgh Greensburg Greensburg, PA 15601
13287	1.00	0.00	35103	40.770115	-74.407936	Madison High School	Giralda Farms Madison, NJ 07940
25025	1.00	0.00	43954	37.719143	-97.28994	Wichita State University	Wichita State University Wichita, KS 67260
13297	1.00	0.00	6706	38.992332	-94.69774	Overland	JCCC Overland Park, KS 66210
26550	1.00	0.00	8302	42.983704	-82.65371	Goodells County Park	Goodells Park Goodells, MI
21699	1.00	0.50	3565	26.273802	-80.174286	Tradewinds Park	Tradewinds Park 16001 West SR-8 16001 West SR-84 Coconut Creek, FL 33073
26551	1.00	0.33	43346	38.469414	-85.947716	Borden	Borden , IN
26805	1.00	0.67	34618	35.27158	-82.05434	Tryon International Equestrian Center	Tryon International Equestrian Center 2659 Sandy Plains Road Mill Spring, NC 28756
27086	1.00	0.50	17669	42.79387	-71.43797	Alvirne High School	Alvirne High School 200 Derry Rd., Rte. 102 Hills House XC Course - Hudson, NH 03051
21763	1.00	0.25	46576	28.226686	-81.58783	Davenport High School	RCHS Davenport, FL
14134	1.00	0.00	28386	37.122948	-100.77485	Arkalon Park	Arkalon Park Liberal, KS 67901
25659	1.00	0.33	20699	26.875038	-80.110985	Benjamin High School	The Benjamin School 11000 Ellison Wilson Road PBG, FL 33408
26138	1.00	0.67	3307	41.145737	-85.13945	Northrop High School	Ft. Wayne Northrop 7001 Coldwater Rd. Fort Wayne, IN 46825
13280	1.00	0.00	24965	37.26723	-81.23744	Bluefield State	Lotito Park 1780 Stadium Drive Bluefield, WV 24701
25871	1.00	0.33	2039	41.418	-85.7566	Wawasee High School	Wawasee XC Course Syracuse, IN
14324	1.00	0.50	11091	40.50382	-78.63762	St. Francis University Course	St Francis University Loretto, PA 15940
26733	1.00	0.33	6610	38.321877	-86.14439	North Harrison High School	North Harrison High School , IN
13646	1.00	0.50	25112	40.752335	-73.0682	Broadway Park	Van Courtlandt Park Broadway and Vancortlandt Park Bronx, NY 10471
14250	1.00	0.50	10621	38.713753	-85.460236	Hanover College	Hanover, IN Hanover, IN 47243
22467	1.00	0.25	12741	28.383362	-80.76901	Cocoa High School	Cocoa HS Cocoa, FL 32926
25644	1.00	0.50	5892	36.096203	-94.16504	University of AR XC course	Beaverfork Park Conway, AR
27283	1.00	0.33	835	36.898853	-86.387924	Phil Moore Park	Phil Moore Park , KY
8913	1.00	0.75	11155	42.534954	-96.542854	Adams Nature Preserve	Adams Nature Preserve, North Sioux City, SD North Sioux Cty, SD 57049
8930	1.00	0.50	36098	34.112473	-117.72242	Claremont High School	Blanchard Park Wash 220 E. Sixth Street Rains Center - Pomona College Claremont, CA 90210
8827	1.00	0.67	2408	39.144947	-78.19719	Kernstown Battlefield	Kernstown Battlefield Winchester, VA 22601
8879	1.00	0.50	26962	31.467829	-100.50381	San Angelo State Park (South)	Angelo State San Angelo, TX 76909
12019	1.00	0.50	7680	41.119858	-80.33228	Westminster	Westminster College New Wilmington, PA 16142
11995	1.00	0.50	10997	40.376152	-82.39579	Kenyon College	Kenyon XC Course Gambier, OH 43022
11076	1.00	0.50	30057	39.421383	-77.420204	Hood College	Hood College Frederick, MD 21701
12138	1.00	0.75	12517	38.975304	-76.48879	St. Mary's School - High School	Mount St. Mary's Emmitsburg, MD 21727
12131	1.00	0.75	12517	38.975304	-76.48879	St. Mary's School - High School	Mount St. Mary's Emmitsburg, MD 21727
8604	1.00	0.50	1578	42.302826	-71.08769	Franklin Park	Franklin Park Boston, MA 02130
8606	1.00	0.33	28496	35.636795	-81.22641	Southside Park	Southside Park, Newton, N.C. Newton, NC 28658
8767	1.00	0.50	24985	37.639095	-120.99688	Modesto	Tuolumne Reginoal Park Modesto, CA 95354
8480	1.00	0.50	22845	43.039154	-76.13512	Syracuse University	Lemoyne College Syracuse, NY 13214
8946	1.00	0.33	19953	36.09185	-80.0787	Ivey Redmon Sports Complex	Ivey Redmon Sports Complex 788 Beeson Rd. Kernersville, NC 27284
15262	1.00	0.67	46467	32.44273	-81.76281	Statesboro High School	7 Mile Farm Statesboro, GA 30066
8397	1.00	0.50	24185	40.77591	-73.02476	St. Joseph's College	St. Joseph's College Patchogue, NY 11772
15842	1.00	0.67	44077	30.027313	-90.06801	The University of New Orleans	Live Oak Park New Orleans, LA 70148
15766	1.00	0.50	37159	34.97914	-81.87905	Spartanburg HS	Milliken Arboretum Spartanburg, SC 29303
15212	1.00	0.50	26679	30.418972	-84.31776	Seminole Golf Course	Seminole State College Oviedo, FL
21138	1.00	0.50	27048	41.819794	-89.59744	Sauk Valley Community College	Sauk Valley Community College Campus Dixon, IL 61021
8802	1.00	0.50	35709	37.76816	-122.49293	Polo Fields	Polo Fields -GGP San Francisco, CA 94112
8628	1.00	0.00	1129	38.923786	-94.73062	Johnson County Community College	Johnson Country Club Johnson, KS 67855
21114	1.00	0.50	25016	42.7536	-78.821434	Hilbert	Medaille v Hilbert Men's Dual 2 5200 South Park Avenue Hamburg, NY 14075
12017	1.00	0.50	7680	41.119858	-80.33228	Westminster	Westminster College New Wilmington, PA 16142
8607	1.00	0.00	43954	37.719143	-97.28994	Wichita State University	Newman University Cross-Country Course Wichita , KS 67205
8970	1.00	0.25	24434	28.007912	-81.91145	Holloway Park	Holloway Park Lakeland, FL 32806
11123	1.00	0.50	10873	37.243855	-77.356895	Petersburg Battlefield	Petersburg National Battlefield Petersburg, VA 23806
13314	1.00	0.60	1055	42.86718	-77.24103	Finger Lakes Community College	Finger Lakes CC Canandaigua, NY 14424
14950	1.00	0.00	34957	35.751415	-83.964165	Maryville College Course	Maryville College Maryville, TN 37803
26144	1.00	0.50	41211	35.926884	-83.96533	Sequoyah Park	Sequoyah Hills Park Knoxville, TN
26167	1.00	0.50	42621	43.041046	-70.89436	Stratham Hill Park	Stratham Hill Park 30 Linden St. Stratham, NH 03833
8544	1.00	0.25	5892	36.096203	-94.16504	University of AR XC course	Venue Not Supplied City Not Supplied, AR
8516	1.00	0.50	48575	39.759224	-84.19361	Dayton	Indian Ripple Park Dayton, OH 45429
8683	1.00	0.50	10087	42.81987	-103.00157	Chadron State College	Chadron State College 1000 Main Street Chadron, NE 69337
21782	1.00	0.67	39978	33.928608	-84.36822	Mount Vernon School	Brewton Parker College 2023 Mount Vernon, GA 30066
18816	1.00	0.50	21518	40.687008	-75.4352	Bicentennial Park	Bicentennial Park Bethlehem, PA 18017
18773	1.00	0.33	8206	39.01927	-76.759346	Bowie State University	Jericho Park 9510 Laurel Bowie Road Bowie, MD 20720
18811	1.00	0.50	43988	42.503033	-89.03091	Beloit College	Leeson Park - Beloit, WI
26070	1.00	0.50	43892	27.633774	-80.35194	South Beach Park	Eagles XC Course Daytona Beach, FL 32114
26068	1.00	0.50	46335	30.031654	-99.129295	Schreiner University	Schreiner Kerrville, TX 78028
25676	1.00	0.25	7640	40.912376	-73.12339	Stony Brook University	Stony Brook University Stony Brook, NY 11790
14909	1.00	0.33	36034	40.56844	-80.01433	La Roche University	La Roche City Not Supplied, PA
12139	1.00	0.75	12517	38.975304	-76.48879	St. Mary's School - High School	Mount St. Mary's Emmitsburg, MD 21727
12129	1.00	0.75	12517	38.975304	-76.48879	St. Mary's School - High School	Mount St. Mary's Emmitsburg, MD 21727
12134	1.00	0.75	12517	38.975304	-76.48879	St. Mary's School - High School	Mount St. Mary's Emmitsburg, MD 21727
12085	1.00	0.50	10621	38.713753	-85.460236	Hanover College	Hanover, IN Hanover, IN 47243
12304	1.00	0.50	7974	46.830853	-96.92033	West Fargo Course	Rose Creek Golf Course Fargo, ND 58102
25896	1.00	0.33	6608	38.61166	-86.10679	Salem High School	Salem High School , IN
25916	1.00	0.50	28220	27.529167	-82.578735	Palmetto High School	PTS Main Field 7900 SW 176 Street Palmetto Bay, FL 33157
25902	1.00	0.33	43404	39.89208	-86.233734	Eastbrook Elementary School	Eastbrook Upland , IN 46953
17915	1.00	0.50	17683	33.903996	-117.92587	Fullerton Golf Course	Cal St. Fullerton Cal State Fullerton Campus Course, CA 92834
20729	1.00	0.00	48865	43.154236	-71.547745	Bow High School	BHS Bow, NH 03304
19685	1.00	0.75	40682	35.610546	-105.21565	GENE TORRES GOLF COURSE	Gene Torres Golf Course Las Vegas, NM
19702	1.00	0.50	37159	34.97914	-81.87905	Spartanburg HS	Millikan Research Center Spartanburg, SC
8259	1.00	0.00	7974	46.830853	-96.92033	West Fargo Course	Fargo, ND 58105
20439	1.00	0.50	10087	42.81987	-103.00157	Chadron State College	Chadron State College 1000 Main Street Chadron, NE 69337
21094	1.00	0.00	34658	42.82546	-71.580444	Souhegan High School	Souhegan High School Amherst, NH 03031
21591	1.00	0.25	48711	28.116064	-82.646614	Silver Dollar Golf Club	Silver Dollar Golf Course Odessa, FL 33635
7781	1.00	0.75	31478	35.75237	-77.90076	Gillette Park	J. Burt Gillette Athletic Complex Wilson, NC 27893
10114	1.00	0.50	24219	41.433826	-75.636215	Marywood College	Marywood University Scranton, PA 18509
10749	1.00	0.50	35423	39.517616	-119.827835	Reno HS	Sierra Sage Golf Course Reno, NV 89512
10355	1.00	0.50	6701	40.435062	-79.94175	Schenley Park	Schenley Park Pittsburgh, PA 15229
14665	1.00	0.00	34957	35.751415	-83.964165	Maryville College Course	Maryville College Maryville, TN 37803
9054	1.00	0.67	9832	41.063026	-80.04117	Slippery Rock University	Coopers Lake Camp Ground 17 a Morrow field House Slippe Slippery Rock, PA 16057
14666	1.00	0.00	34957	35.751415	-83.964165	Maryville College Course	Maryville College Maryville, TN 37803
9472	1.00	0.33	38405	39.990326	-75.21266	Belmont Plateau	Belmont Plateau Philadelphia, PA 19122
14655	1.00	0.50	1578	42.302826	-71.08769	Franklin Park	Franklin Park Boston, MA 02131
6260	1.00	0.25	5892	36.096203	-94.16504	University of AR XC course	Venue Not Supplied City Not Supplied, AR
21105	1.00	0.50	40008	47.644924	-117.52091	Spokane Polo Grounds	Spokane Polo Grounds Spokane , WA
21107	1.00	0.50	29162	32.866955	-79.97522	North Charleston	Johns Island County Park 1761 Hay Road Charleston, SC 29455
21110	1.00	0.50	48834	33.751564	-84.41123	Clark Atlanta University	Clark Atlanta University Atlanta, GA 30066
8135	1.00	0.33	8729	37.210857	-80.45935	Blacksburg HS XC Course 	Buford Meredith Cross Country Course Blacksburg, VA 24061
25531	1.00	0.67	23413	28.505507	-81.61619	Foundation Academy	Foundation FOUNDATION ACADEMY, Winter Garden, FL
21113	1.00	0.50	25016	42.7536	-78.821434	Hilbert	Medaille v Hilbert Men's Dual 1 5200 South Park Avenue Hamburg, NY 14075
12002	1.00	0.50	11091	40.50382	-78.63762	St. Francis University Course	ST FRANCIS UNIVERSITY LORETTO, PA 15940
18100	1.00	0.00	21787	39.421665	-76.701294	Stevenson University	Stevenson University Stevenson, MD 21153
20067	1.00	0.67	18125	42.274506	-83.68174	Concordia University	Concordia (Mich) University Campus Ann Arbor, MI 48105
10359	1.00	0.50	6701	40.435062	-79.94175	Schenley Park	Schenley Park Pittsburgh, PA 15229
20488	1.00	0.50	2626	26.172935	-81.79469	Naples High School	St. Ann School Naples, FL 32327
8256	1.00	0.33	3346	41.42592	-85.58168	West Noble High School	West Noble Ligonier, IN 00000
25877	1.00	0.33	17752	43.541054	-71.36288	Gunstock Mountain Resort	Gunstock Mountain Resort Gunstock Mountain Resort, NH 03246
17988	1.00	0.50	22595	37.36883	-122.03635	Sunnyvale	Bay Lands Park Sunnyvale, CA
23780	1.00	0.25	5892	36.096203	-94.16504	University of AR XC course	FA , AR
16612	1.00	0.50	10930	39.51374	-77.401726	Utica Park	Utica Park 10200-B Old Frederick Rd Frederick, MD
17806	1.00	0.50	10621	38.713753	-85.460236	Hanover College	Hanover Cross Country Course Hanover, IN 47243
10146	1.00	0.75	12517	38.975304	-76.48879	St. Mary's School - High School	Mount St. Mary's Emmitsburg, MD 21727
10132	1.00	0.75	12517	38.975304	-76.48879	St. Mary's School - High School	Mount St. Mary's Emmitsburg, MD 21727
25925	1.00	0.50	33983	39.69217	-104.966034	Denver South High School	Wash Park Denver, CO
10079	1.00	0.50	6868	40.171944	-92.57023	Kirksville Country Club	Countryside Cross Country Course Kirksville, MO 63501
9310	1.00	0.25	24434	28.007912	-81.91145	Holloway Park	Holloway Park - Lakeland, FL Lakeland, FL 32806
12149	1.00	0.75	12517	38.975304	-76.48879	St. Mary's School - High School	Mount St. Mary's Emmitsburg, MD 21727
12133	1.00	0.75	12517	38.975304	-76.48879	St. Mary's School - High School	Mount St. Mary's Emmitsburg, MD 21727
12132	1.00	0.75	12517	38.975304	-76.48879	St. Mary's School - High School	Mount St. Mary's Emmitsburg, MD 21727
22812	1.00	0.00	48865	43.154236	-71.547745	Bow High School	Bow High Bow, NH 03304
12742	1.00	0.50	381	40.792305	-89.579346	Detweiller Park	Detweiller Pakr Peoria, IL 61615
24769	1.00	0.00	48865	43.154236	-71.547745	Bow High School	Bow High School Bow, NH
13276	1.00	0.50	29129	45.44796	-98.47139	Moccasin Soccer Complex 	Moccasin Creek Soccer Complex Aberdeen, SD 57401
11411	1.00	0.50	24990	39.649876	-78.93456	Frostburg State University	Maplehurst Country Club Frostburg, MD 21532
22141	1.00	0.75	11839	46.824993	-100.633736	McDowell Dam	McDowell Dam Recreation Area Bismarck, ND 58501
24762	1.00	0.33	6608	38.61166	-86.10679	Salem High School	Salem Salem, IN
24892	1.00	0.00	2211	42.326298	-72.52556	Hampshire College XC course	Hampshire College Hampshire, MA 01002
13733	1.00	0.50	8840	35.20823	-78.07114	Mount Olive Campus	Mount Olive Mount Olive, NC
12148	1.00	0.75	12517	38.975304	-76.48879	St. Mary's School - High School	Mount St. Mary's Emmitsburg, MD 21727
12145	1.00	0.75	12517	38.975304	-76.48879	St. Mary's School - High School	Mount St. Mary's Emmitsburg, MD 21727
12146	1.00	0.75	12517	38.975304	-76.48879	St. Mary's School - High School	Mount St. Mary's Emmitsburg, MD 21727
12150	1.00	0.75	12517	38.975304	-76.48879	St. Mary's School - High School	Mount St. Mary's Emmitsburg, MD 21727
9196	1.00	0.50	1578	42.302826	-71.08769	Franklin Park	Franklin Park 1 Franklini Park Dr Boston, MA 02131
10077	1.00	0.33	35988	37.29281	-80.0784	Salem HS	Elizabeth Campus Salem, VA 24153
17674	1.00	0.50	19644	42.778973	-72.05554	Franklin Pierce University	Franklin Pierce University Hopkinton Town Library 61 Houston Fields Hopkinton, NH 03229
20626	1.00	0.25	31762	27.443476	-82.59333	Bayshore High School	Bayshore HS Bradenton, FL 34210
20611	1.00	0.00	19652	43.45102	-71.480225	Belmont High School	Belmont NH, NH 03220
13732	1.00	0.50	5180	41.47181	-88.182076	Channahon Community Park	Channahon Community Park Channahon, IL 60435
26657	1.00	0.33	2037	41.62897	-85.90609	Ox Bow Park	Ox Bow Park 23033 CR 45 Goshen, IN 46516
26658	1.00	0.33	2037	41.62897	-85.90609	Ox Bow Park	Ox Bow Park 23033 CR 45 Goshen, IN 46516
26644	1.00	0.67	40852	30.740726	-86.123856	Walton High School	Eagle Springs Golf Course 555 Walton Road Defuniak Springs, FL 32312
26534	1.00	0.25	21117	30.089922	-81.85044	Middleburg HS	Middleburg High School Middleburg, FL 32068
21767	1.00	0.25	46576	28.226686	-81.58783	Davenport High School	RCHS Davenport, FL
14907	1.00	0.00	25016	42.7536	-78.821434	Hilbert	Hilbert Hamburg, NY
26470	1.00	0.25	24434	28.007912	-81.91145	Holloway Park	Holloway Park Lakeland, FL 33606
22974	1.00	0.67	33445	29.154387	-82.24975	West Port High School	St. Joseph Golf Club XC Course Port St. Joe, FL 32456
23044	1.00	0.00	48582	44.51342	-94.3729	Winthrop Golf Club	Winthrop Gold Course Winthrop, MN 55396
16716	1.00	0.50	24975	40.13486	-75.060295	Bryn Athyn	Bryn Athyn Middletown, PA
14386	1.00	0.00	29526	42.255238	-77.794655	Alfred State	Alfred University Alfred, NY 14802
26665	1.00	0.00	42042	42.908318	-72.06284	Dublin School	Dublin School 18 Lehmann Way Dublin, NH 04071
26730	1.00	0.25	46576	28.226686	-81.58783	Davenport High School	Davenport Davenport, FL 33837
22881	1.00	0.25	31762	27.443476	-82.59333	Bayshore High School	Bayshore High School Bradenton, FL 34210
20572	1.00	0.50	33616	42.502125	-76.287674	Tompkins Cortland Dryden Campus	Tompkins Cortland Community College Dryden, NY 13053
20503	1.00	0.00	19652	43.45102	-71.480225	Belmont High School	Belmont HS Belmont, NH 03220
26407	1.00	0.25	46576	28.226686	-81.58783	Davenport High School	Davenport Davenport, FL 33837
26403	1.00	0.25	46576	28.226686	-81.58783	Davenport High School	Davenport Davenport, FL 33837
15914	1.00	0.00	19652	43.45102	-71.480225	Belmont High School	BHS Belmont, NH 03220
15568	1.00	0.67	41292	40.26848	-74.77763	The College of New Jersey	The College of New Jersey Ewing, NJ 08628
11127	1.00	0.60	8688	25.598993	-80.39842	Larry & Penny Thompson Park	Larry & Penny Thompson Park Miami, FL 33196
21526	1.00	0.67	44077	30.027313	-90.06801	The University of New Orleans	New Orleans Lake Front New Orleans, LA
21578	1.00	0.25	10762	29.680199	-82.433975	Santa Fe College	Santa Fe College Gainesville, FL 32606
8959	1.00	0.50	16901	40.20165	-80.02834	MINGO PARK	Mingo Park Finleyville, PA 15301
26600	1.00	0.50	26317	40.60835	-74.34517	Oak Ridge Park	Oak Ridge Park Clark, NJ 07066
21049	1.00	0.67	41193	33.380165	-84.25535	Hampton High School	Nash Battlefield Farm Hampton, GA 30322
17008	1.00	0.33	3346	41.42592	-85.58168	West Noble High School	West Noble Schools Ligonier, IN
18787	1.00	0.50	3833	41.03828	-83.65169	Findlay Park / HS	Hill Crest Golf Club 800 W. Bigelow Ave Findlay, OH 45840
9193	1.00	0.00	21787	39.421665	-76.701294	Stevenson University	Stevenson Stevenson, MD 21153
11700	1.00	0.00	3697	37.50329	-97.48529	Clearwater High	Clearwater Middle School Clearwater, KS 67026
26381	1.00	0.50	26719	30.162683	-81.58432	Mandarin High School	Mandarin Jacksonville, FL 32258
15679	1.00	0.75	44628	41.012943	0.0	Country Club Drive	Murray H Goodman Campus 150 Goodman Drive Bethlehem, PA 18015
14204	1.00	0.50	10997	40.376152	-82.39579	Kenyon College	Kenyon XC Course Gambier, OH 43022
24110	1.00	0.25	37859	26.33654	-81.43901	Ave Maria University	Ave Maria Ave Maria, FL
10949	1.00	0.50	20399	44.602383	-75.18346	SUNY Canton	SUNY Canton Canton, NY 13617
26001	1.00	0.00	26648	42.825375	-71.445366	Campbell High School	Campbell High School 1 Highlander Court Litchfield, NH 03052
26322	1.00	0.50	37969	43.41312	-71.9764	Colby-Sawyer College	Colby-Sawyer New London, NH 03257
20557	1.00	0.67	48378	39.45647	-87.26305	LaVern Gibson Championship Cross Country Course	LaVern Gibson Championship Cross Country Cours 599 Tabortown Rd Terre Haute, IN 47803
20552	1.00	0.50	24961	41.327347	-72.09681	Mitchell Park	Mitchell College Stegman Farm New London, CT 06320
23018	1.00	0.50	24224	28.079636	-82.57961	Sickles High School	Tampa Sickles Tampa, FL 33625
10367	1.00	0.50	6701	40.435062	-79.94175	Schenley Park	Schenley Park Pittsburgh, PA 15229
11122	1.00	0.50	10873	37.243855	-77.356895	Petersburg Battlefield	Petersburg National Battlefield Petersburg, VA 23806
21588	1.00	0.50	46484	29.778685	-82.04169	Keystone Heights High School	Trinity Youth Camp Keystone Heights, FL 32656
8087	1.00	0.50	7744	35.02396	-89.76447	Mike Rose Soccer Complex	Mike Rose Soccer Complex 9000 East Shelby Drive Memphis, TN 38125
15307	1.00	0.50	25385	45.93416	-123.52234	79554 OR-202	Pine Ridge Golf Club , OR
8483	1.00	0.67	47494	44.323803	-93.975784	Gustavus Adolphus College	Gustavus Adolphus Campus St. Peter, MN 55441
20530	1.00	0.50	21844	45.757275	-108.54284	Amend Park	Amend Park Billings, MT
26426	1.00	0.75	40682	35.610546	-105.21565	GENE TORRES GOLF COURSE	Gene Torres Golf Course 1 Country Club Dr Las Vegas, NM 87701
15712	1.00	0.50	47335	32.261063	-110.85135	Tucson Country Club	Silver Lake Park Tucson, AZ 85713
8673	1.00	0.50	5980	39.17573	-86.50142	IU Championship XC Course	IU Varsity Cross Country Course Bloomington, IN 12345
8691	1.00	0.33	26570	42.89118	-75.64128	Morrisville State Campus	Morrisville State 80 Eaton Street Morrisville, NY 13408
8695	1.00	0.00	20980	33.745377	-90.73545	Delta State University	Delta State University Cleveland, MS 38733
16068	1.00	0.33	8328	35.646492	-82.297516	Montreat College	Montreat Montreat, NC 28757
16071	1.00	0.67	34368	41.635204	-80.1287	Meadville HS	Robertson Athletic Complex Course Meadville, PA 16336
27132	1.00	0.50	22876	30.15217	-84.3613	3Y Ranch	3Y Ranch 195 Harvey Young Farm Crawfordville, FL 32327
26998	1.00	0.00	48865	43.154236	-71.547745	Bow High School	Bow High School 55 Falcon Way Bow, NH 03304
15827	1.00	0.33	25112	40.752335	-73.0682	Broadway Park	Broadway Park Sayville, NY 11782
1010	1.00	0.00	23061	43.46084	-85.95441	Fremont MS	RB Fremont, MI 49412
981	1.00	0.50	31052	42.912502	-71.072525	Sanborn Regional High School	Sanborn Regional High School 13 Church St. Kingston, NH 03848
991	1.00	0.50	23061	43.46084	-85.95441	Fremont MS	Fremont 156 Homestead Avenue Fremont, MI 49412
8602	1.00	0.25	5892	36.096203	-94.16504	University of AR XC course	Bridgewater College City Not Supplied, AR
8618	1.00	0.50	6354	44.00761	-97.178055	 Madison Country Club	Madison Country Club Madison, SD 12345
949	1.00	0.00	23061	43.46084	-85.95441	Fremont MS	Fremont 101 Main Fremont, MI 40412
950	1.00	0.00	23061	43.46084	-85.95441	Fremont MS	Fremont 101 Main Fremont, MI 40412
10035	1.00	0.50	999	30.51534	-87.36921	Escambia County Equestrian Center	Escambia County Equestrian Center Pensacola, FL 32526
20147	1.00	0.50	10228	42.87416	-72.27923	Monadnock Regional High School	Monadnock Regional High School East Swanzey, NH 03446
20128	1.00	0.00	22472	38.362286	-75.58607	Salisbury Park	Winter Place Park Salisbury, MD 21801
26002	1.00	0.00	21073	42.733547	-71.59456	Hollis Brookline High School	Hollis/Brookline High School 24 Cavalier Court Hollis, NH 03049
8716	1.00	0.00	9177	44.881985	-68.67743	Orono High School	UMaine Orono, ME 04469
21765	1.00	0.25	46576	28.226686	-81.58783	Davenport High School	RCHS Davenport, FL
15435	1.00	0.75	12517	38.975304	-76.48879	St. Mary's School - High School	Mount St. Mary's Univerisity Emmitsburg, MD 21727
8963	1.00	0.67	41193	33.380165	-84.25535	Hampton High School	Nash Farm Battlefield Park Hampton, GA 30228
8365	1.00	0.50	10997	40.376152	-82.39579	Kenyon College	Kenyon College Gambier, OH 12345
8356	1.00	0.25	5892	36.096203	-94.16504	University of AR XC course	Hampden-Sydney College City Not Supplied, AR
26247	1.00	0.33	16806	41.097534	-85.13522	North Side High School	South Side Annex , IN
8925	1.00	0.00	21787	39.421665	-76.701294	Stevenson University	Stevenson University Stevenson, MD 21153
1040	1.00	0.50	48628	41.25654	-95.9345	Omaha	Millard South Omaha, NE 68137
1059	1.00	0.50	3992	44.52818	-88.35002	Crystal Springs Golf Course	Crystal Springs Course Marquette, WI 49855
1020	1.00	0.00	23061	43.46084	-85.95441	Fremont MS	Fremont 24 Cavalier Court Fremont, MI 49412
1042	1.00	0.50	47541	33.38955	-111.87354	Mesa Community College	Mesa Thunderbird Cross Country Classic , AZ
21027	1.00	0.50	1796	44.885315	-93.74302	Crown College	crown college St. Bonifacius, MN
20492	1.00	0.25	34127	24.703672	-81.07782	Marathon High School	Marathon Marathon, FL
4153	1.00	0.50	20399	44.602383	-75.18346	SUNY Canton	SUNY Canton Canton, NY 13617
9852	1.00	0.00	3697	37.50329	-97.48529	Clearwater High	Clearwater HS Clearwater, KS 67026
8980	1.00	0.50	23083	31.979267	-95.095	New Summerfield HS	New Summerfield TX-110 New Summerfield, TX 75780
9509	1.00	0.67	5664	43.86075	-91.21971	Fields for Kids	Fields for Kids Soccer Complex 700 N Pettibone Drive La Crosse, WI 64601
8010	1.00	0.75	8747	38.662125	-78.6707	New Market Battlefield 	New Market Battlefield New Market, VA 22846
8105	1.00	0.50	47563	41.54431	-72.66679	Long Lane Farm	Long Lane Farm 100 Long Farm Road Middletown, CT 06459
8222	1.00	0.50	31052	42.912502	-71.072525	Sanborn Regional High School	Sanborn Regional High School Kingston, NH 13323
11338	1.00	0.25	24434	28.007912	-81.91145	Holloway Park	Holloway Park XC Course Lakeland, FL 33801
9277	1.00	0.50	10223	45.15886	-93.871	Buffalo Heights Golf Course	Buffalo Heights Golf Course 905 Highway 25 S Buffalo, MN 55313
5528	1.00	0.67	17497	38.86936	-99.29585	Hays High School	Sand Plum Hays, KS 67601
5589	1.00	0.50	13636	40.096992	-75.073654	Lorimer Park	Lorimer Park Cross-Country Course Huntingdon Valley, PA 19006
7806	1.00	0.50	999	30.51534	-87.36921	Escambia County Equestrian Center	Escambia County Equestrian Center- Pensacola Pensacola, FL 32806
8182	1.00	0.50	30866	64.87718	-147.81714	Fairbanks Golf Course	Alaska Fairbanks Fairbanks, AK 99709
8734	1.00	0.50	26913	44.00826	-73.177315	Middlebury College	Middlebury College Middlebury, VT 05452
10234	1.00	0.33	5892	36.096203	-94.16504	University of AR XC course	Saint Mary's University City Not Supplied, AR
18596	1.00	0.33	24499	41.87157	-80.120804	Edinboro	Doug Watts Course Edinboro, PA 16444
12438	1.00	0.00	6706	38.992332	-94.69774	Overland	JCCC Overland Park, KS 66210
16008	1.00	0.67	8017	44.04578	-91.69563	Saint Mary's University of Minnesota	Saint Mary's University of Minnesota 700 Terrace Heights Winona, MN 55987
11642	1.00	0.75	12517	38.975304	-76.48879	St. Mary's School - High School	Mount St. Mary's Emmitsburg, MD 21727
11644	1.00	0.00	21787	39.421665	-76.701294	Stevenson University	Stevenson Stevenson, MD 21153
26977	1.00	0.50	31824	32.024197	-81.06258	Savannah State University	Savannah State University 1 University Blvd Savannah, GA 30066
27004	1.00	0.00	48982	31.270977	-86.47399	22940 AL-55	TRM , AL
12137	1.00	0.75	12517	38.975304	-76.48879	St. Mary's School - High School	Mount St. Mary's Emmitsburg, MD 21727
12096	1.00	0.75	44067	40.44838	-79.924545	Chatham University	Chatham Eden Hall Campus Ridge Road Gibsonia, PA
25569	1.00	0.50	30571	26.60928	-81.97862	Cape Coral HS	Baker (Cape Coral) 3500 Aqualinda Blvd Cape Coral, FL 33914
24241	1.00	0.25	46576	28.226686	-81.58783	Davenport High School	DHS XC Davenport, FL 33837
15263	1.00	0.67	46467	32.44273	-81.76281	Statesboro High School	7 Mile Farm Statesboro, GA 30066
15274	1.00	0.50	5180	41.47181	-88.182076	Channahon Community Park	Channahon Park 23304 W. McClintock Rd Channahon, IL 60410
15094	1.00	0.50	24230	38.03065	-84.50397	University of Kentucky	Kentucky Wesleyan Owensboro, KY
15116	1.00	0.50	8210	42.96742	-78.95953	Beaver Island State Park	Beaver Island State Park 2136 Oakfield Road Grand Island, NY 14072
18519	1.00	0.67	23396	38.96857	-94.98427	Lexington Trails Middle School	Lexington Lake De Soto, KS 66018
11938	1.00	0.50	8194	34.03808	-84.58157	Kennesaw State University	Kennesaw Cartersville, GA 30144
26567	1.00	0.33	28694	44.005096	-71.09811	Kennett High School	KENNETT 176 Main St. Conway, NH 03818
10236	1.00	0.67	48100	39.09071	-97.73533	Rock City Park	Rim Rock Farms Lawrence, KS 66045
22503	1.00	0.50	48731	43.127472	-71.75843	John Stark Regional High School	John Stark Regional High School Weare, NH 03281
14216	1.00	0.00	24965	37.26723	-81.23744	Bluefield State	Lotito Park Bluefield, WV
19385	1.00	0.50	23334	28.564047	-82.4949	Central High School	Central High School Brooksville, FL 34613
19389	1.00	0.67	37938	46.39322	-116.974014	LCSC - XC course	LCSC XC Traile Lewiston, ID 83501
12518	1.00	0.00	31661	39.58299	-77.003716	McDaniel College	McDaniel City Not Supplied, MD
27244	1.00	0.00	48982	31.270977	-86.47399	22940 AL-55	TRM , AL
11216	1.00	0.50	7613	42.3163	-72.64031	Smith College	Smith College 106 Village Street Northampton, MA
8624	1.00	0.50	44628	41.012943	0.0	Country Club Drive	Elizabethtown College Campus Loop One Alpha Drive Elizabethtown, PA 17022
20181	1.00	0.00	21073	42.733547	-71.59456	Hollis Brookline High School	North Star Timing Hollis-Brookline, NH 03049
9018	1.00	0.00	20573	37.256367	-85.48906	Green County High School	Spero Kereiakes Park Bowling Green, KY 42103
13925	1.00	0.33	19953	36.09185	-80.0787	Ivey Redmon Sports Complex	Ivey M. Redmon Sports Complex Kernersville, NC
13600	1.00	0.50	9421	37.28538	-79.943756	Washington Park	Mary Washington Fredericksburg, VA
14743	1.00	0.67	8109	44.92531	-93.18282	St. Catherine University	St. Catherine University 2004 Randolph Ave Saint Paul, MN 55105
12562	1.00	0.50	7613	42.3163	-72.64031	Smith College	Smith College Cross Country Course Northampton, MA
12541	1.00	0.00	31661	39.58299	-77.003716	McDaniel College	McDaniel City Not Supplied, MD
25778	1.00	0.50	26913	44.00826	-73.177315	Middlebury College	Middlebury College Middlebury College, Athletics Middlebury, VT 05753
26681	1.00	0.50	798	37.79995	-87.026535	Yellow Creek Park	Yellow Creek Park 3000 Fredrica St. Owensboro, KY 42303
14818	1.00	0.00	25016	42.7536	-78.821434	Hilbert	Hilbert Hamburg, NY
19599	1.00	0.50	24733	41.66931	-73.98069	Hudson Valley Sports Dome	Hudson Valley Sports Dome Milton, NY 12550
24496	1.00	0.50	43554	30.482635	-81.6083	First Coast High School	First Coast Jacksonville, FL 32218
13230	1.00	0.00	21112	47.931187	-97.009346	East Grand Forks	UND Cross Country Course Grand Forks, ND 58202
24340	1.00	0.25	34127	24.703672	-81.07782	Marathon High School	Marathon Marathon, FL
13601	1.00	0.50	9421	37.28538	-79.943756	Washington Park	Mary Washington Fredericksburg, VA
13768	1.00	0.00	21787	39.421665	-76.701294	Stevenson University	Stevenson University Stevenson, MD 21153
13663	1.00	0.75	12517	38.975304	-76.48879	St. Mary's School - High School	Mount St. Mary's Univerisity Emmitsburg, MD 21727
26243	1.00	0.33	43346	38.469414	-85.947716	Borden	Borden , IN
14760	1.00	0.00	25016	42.7536	-78.821434	Hilbert	Hilbert College Hamburg, NY 14075
21144	1.00	0.33	19681	38.06802	-97.92053	Hutchinson Community College	Hutchinson Community College Hutchinson, KS 66062
13392	1.00	0.67	46437	35.93932	-77.835556	Rocky Mount High School	NC Wesleyan Rocky Mount, NC
13372	1.00	0.50	8386	33.575787	-102.36285	South Plains College Complex	South Plains College Track Levelland, TX 79336
13387	1.00	0.50	21055	35.735107	-77.91627	Barton College	Barton Wilson, NC
19576	1.00	0.33	47335	32.261063	-110.85135	Tucson Country Club	Tucson Country Club Tucson, AZ 85721
20035	1.00	0.25	46576	28.226686	-81.58783	Davenport High School	Davenport Davenport, FL 33837
20031	1.00	0.00	40033	36.213642	-83.26157	Walters State Community College	Walters State CC Course Mroristown, TN
20044	1.00	0.25	46576	28.226686	-81.58783	Davenport High School	Davenport Davenport, FL 33837
20037	1.00	0.25	46576	28.226686	-81.58783	Davenport High School	Davenport Davenport, FL 33837
20034	1.00	0.25	46576	28.226686	-81.58783	Davenport High School	Davenport Davenport, FL 33837
15197	1.00	0.67	44077	30.027313	-90.06801	The University of New Orleans	City Park New Orleans, LA 70118
15061	1.00	0.50	46574	34.26848	-81.41982	The Farm	Bobby Clarke Farm Due West, SC
15045	1.00	0.50	29162	32.866955	-79.97522	North Charleston	Jones Island County Park Charleston, SC
15125	1.00	0.50	31914	43.2542	-87.91553	Concordia University	Concordia (Wis.) Mequon, WI 53097
15176	1.00	0.67	5892	36.096203	-94.16504	University of AR XC course	First Tee Fort Smith, AR
15327	1.00	0.00	38560	38.90756	-76.9545	Kenilworth Park	Kenilworth Park Washington, DC 20019
15485	1.00	0.75	49340	39.71215	-75.776054	White Clay Creek State Park	White Clay Creek Newark, DE 19716
15513	1.00	0.50	44986	40.579647	-85.82081	Oak Hill High School	Oak Hill High School Mier, IN 83605
21237	1.00	0.67	48378	39.45647	-87.26305	LaVern Gibson Championship Cross Country Course	LaVern Gibson Championship Cross Country Course 599 Tabertown St Terre Haute, IN 47803
20173	1.00	0.33	22782	28.02328	-82.71141	Countryside High School	Countryside HS clearwater, FL 34621
20163	1.00	0.50	25016	42.7536	-78.821434	Hilbert	2022 Hilbert College Meghan Memorial XC 5200 South Park Avenue Hamburg, NY 14075
13508	1.00	0.50	2408	39.144947	-78.19719	Kernstown Battlefield	Kernstown Battlefield Kernstown, VA
13512	1.00	0.50	24875	28.07418	-82.407425	The Claw	The Claw: USF Golf Course Tampa, FL 11111
24854	1.00	0.33	43938	36.102825	-79.502365	Elon University	Elon University , NC
24613	1.00	0.33	31059	38.988186	-85.62426	Muscatatuck Park	Muscatatuck State Park , IN
24601	1.00	0.33	19646	43.200436	-71.55118	Concord High School	Concord High School Concord, NH 03301
24519	1.00	0.50	33808	30.319841	-91.11818	LSU University Club Course	LSU Baton Rouge, LA 70894
24815	1.00	0.50	13654	36.847553	-94.40609	Neosho Middle School	Crowder College Neosho, MO
24804	1.00	0.25	14089	25.826963	-80.18128	Morningside Park	MorningSide Park 750 NE 55th Ter Miami, FL 33137
26278	1.00	0.33	8851	38.974674	-76.56562	Annapolis High School	USNA Cross Country Course Annapolis, MD 21402
26284	1.00	0.25	5892	36.096203	-94.16504	University of AR XC course	Ox Bow Park 23033 CR 45 Goshen, AR 46516
26282	1.00	0.25	5892	36.096203	-94.16504	University of AR XC course	South Bend Adams , AR
26300	1.00	0.33	8951	40.05832	-86.46246	Lebanon High School	Lebanon 1601 Longley Drive Lebanon, IN 46052
26279	1.00	0.67	3307	41.145737	-85.13945	Northrop High School	Ft. Wayne Northrop 7001 Coldwater Rd. Fort Wayne, IN 46825
18966	1.00	0.50	19690	37.466743	-81.06001	Pipestem State Park	Pipestem State Park 3405 Pipestem Drive Pipestem , WV 25979
24349	1.00	0.67	3307	41.145737	-85.13945	Northrop High School	Ft. Wayne Northrop Fort Wayne, IN 46825
20189	1.00	0.50	2211	42.326298	-72.52556	Hampshire College XC course	Hampshire College Amherst, MA 01040
22514	1.00	0.33	30820	41.044735	-85.29002	Van Hoozen Community Park	Van Hoozen Park Ft. Wayne, IN 46814
19560	1.00	0.50	34649	30.297516	-81.457275	Providence School of Jacksonville	Providence School of Jacksonville Jacksonville, FL 32224
25453	1.00	0.25	33933	28.339201	-80.72333	Rockledge High School	Rockledge HS Rockledge, FL 34761
13529	1.00	0.50	29162	32.866955	-79.97522	North Charleston	Johns Island County Park Charleston, SC
24347	1.00	0.50	40033	36.213642	-83.26157	Walters State Community College	Walters State CC Morristown, TN 37813
20081	1.00	0.50	24875	28.07418	-82.407425	The Claw	The Claw at USF Tampa, FL
16298	1.00	0.00	34957	35.751415	-83.964165	Maryville College Course	Maryville College Campus Maryville, TN 37801
15824	1.00	0.33	25533	35.484295	-80.283394	Pfeiffer University	Pfeiffer XC Course Misenheimer, NC 28109
19638	1.00	0.50	24875	28.07418	-82.407425	The Claw	The Claw GC @ USF Tampa, FL 33618
8410	1.00	0.00	23061	43.46084	-85.95441	Fremont MS	Venue Fremont, MI 49412
8465	1.00	0.50	7630	41.6868	-73.8957	Vassar College	Vassar Farms Poughkeepsie, NY 10604
20461	1.00	0.50	40409	46.807022	-92.172264	Lesterwood Golf Course	Lesterwood Golf Course Duluth, MN 55804
20767	1.00	0.50	1796	44.885315	-93.74302	Crown College	Crown College 8700 College View Drive St Bonifacius, MN 55375
8719	1.00	0.67	5892	36.096203	-94.16504	University of AR XC course	St. Scholastica Fort Smith, AR 72903
20126	1.00	0.00	22472	38.362286	-75.58607	Salisbury Park	Salisbury Salisbury, MD
26824	1.00	0.50	41211	35.926884	-83.96533	Sequoyah Park	Sequoyah Hills Park Knoxville, TN
27299	1.00	0.67	10841	38.547935	-91.00932	Washington High School	Washington University Saint Louis, MO 63130
8136	1.00	0.00	21787	39.421665	-76.701294	Stevenson University	Stevenson University Stevenson, MD 21153
8121	1.00	0.50	47335	32.261063	-110.85135	Tucson Country Club	Dell Urich Golf Course Tucson, AZ 85719
25481	1.00	0.50	12738	28.488472	-82.46343	Nature Coast Technical High School	Nature Coast Technical High School 4057 California Street Brooksville, FL 34604
6773	1.00	0.50	10997	40.376152	-82.39579	Kenyon College	Kenyon College Gambier, OH 12345
10148	1.00	0.75	12517	38.975304	-76.48879	St. Mary's School - High School	Mount St. Mary's Emmitsburg, MD 21727
15661	1.00	0.50	8851	38.974674	-76.56562	Annapolis High School	Naval Academy Golf Course Annapolis, MD 21402
13702	1.00	0.67	18125	42.274506	-83.68174	Concordia University	Concordia University Ann Arbor 4090 Geddes Ave. Ann Arbor, MI 48198
15952	1.00	0.33	28496	35.636795	-81.22641	Southside Park	Southside Park Newton, NC 28645
20907	1.00	0.50	4762	27.05152	-80.14069	The Pine School	Pine School Stuart, FL
9085	1.00	0.50	6625	37.096844	-94.45502	Tom Rutledge Cross Country Course	MSSU Tom Rutledge XC Course Joplin, MO 63132
8659	1.00	0.50	3033	30.25445	-91.98911	Acadiana Park	Acadiana Park Lafayette, LA 70506
8853	1.00	0.50	7667	41.159893	-73.25755	Fairfield University	Fairfield University Fairfield, CT 06824
16088	1.00	0.50	10930	39.51374	-77.401726	Utica Park	Utica Park 10200-B Old Frederick Rd Frederick, MD
26936	1.00	0.00	7592	42.925426	-72.28034	Keene State College	Owl Athletic Complex 110 Krif Rd Keene, NH 03431
16407	1.00	0.33	48982	31.270977	-86.47399	22940 AL-55	Chocoolocco Park Oxford, AL 36203
9283	1.00	0.25	7640	40.912376	-73.12339	Stony Brook University	Stony Brook University Stony Brook, NY 11794
19182	1.00	0.50	38531	32.534424	-83.8961	Fort Valley State University	Fort Valley State University Fort Valley, GA 30066
16264	1.00	0.75	44067	40.44838	-79.924545	Chatham University	Chatham Eden Hall Campus Pittsburgh, PA
10138	1.00	0.75	12517	38.975304	-76.48879	St. Mary's School - High School	Mount St. Mary's Emmitsburg, MD 21727
9175	1.00	0.50	5980	39.17573	-86.50142	IU Championship XC Course	IU Varsity Cross Country Course Bloomington, IN 47408
10823	1.00	0.50	39373	39.942837	-82.890976	Columbus	Columbus State Community College Delaware, OH 43015
20422	1.00	0.50	1578	42.302826	-71.08769	Franklin Park	Franklin Park Boston, MA 02138
9112	1.00	0.50	7818	39.155285	-92.69356	Fayette Golf Course	Fayette, MO Fayette, MO 65248
8393	1.00	0.75	5819	37.68052	-121.005554	Davis Community Park	Putah Creek Reserve Davis, CA 95616
9339	1.00	0.50	2408	39.144947	-78.19719	Kernstown Battlefield	Kernstown Battlefield 610 Battle Park Drive Kernstown, VA 22601
16197	1.00	0.75	40682	35.610546	-105.21565	GENE TORRES GOLF COURSE	Gene Torres Golf Course Las Vegas, NM
21087	1.00	0.25	24434	28.007912	-81.91145	Holloway Park	Holloway Park Lakeland, FL 11111
21675	1.00	0.00	8521	42.753513	-71.4958	Nashua High School South	Mines Falls Mines Falls - Nashua, NH 03063
24067	1.00	0.50	5180	41.47181	-88.182076	Channahon Community Park	Channahon Park Channahon, IL 60410
9705	1.00	0.50	20405	30.440311	-97.80684	Spicewood Golf Course 	Spicewood Country Club Golf Course Austin, TX 78704
11200	1.00	0.50	8135	33.448376	-84.95075	McIntosh Reserve Park	McIntosh Reserve Park Whitesburg, GA 30066
14531	1.00	0.00	24716	38.322403	-96.1877	Emporia Golf Course	Emporia State Emporia, KS 66801
26595	1.00	0.50	43892	27.633774	-80.35194	South Beach Park	Pompano Municipal Pompano Beach, FL 33060
10135	1.00	0.75	12517	38.975304	-76.48879	St. Mary's School - High School	Mount St. Mary's Emmitsburg, MD 21727
10141	1.00	0.75	12517	38.975304	-76.48879	St. Mary's School - High School	Mount St. Mary's Emmitsburg, MD 21727
7715	1.00	0.50	24316	34.725616	-83.390396	Tallulah Falls Middle School	Tallulah Falls Farm Course Demorest, GA
10357	1.00	0.50	6701	40.435062	-79.94175	Schenley Park	Schenley Park Pittsburgh, PA 15229
10347	1.00	0.50	6701	40.435062	-79.94175	Schenley Park	Schenley Park Pittsburgh, PA 15229
10369	1.00	0.50	6701	40.435062	-79.94175	Schenley Park	Schenley Park Pittsburgh, PA 15229
10349	1.00	0.50	6701	40.435062	-79.94175	Schenley Park	Schenley Park Pittsburgh, PA 15229
10354	1.00	0.50	6701	40.435062	-79.94175	Schenley Park	Schenley Park Pittsburgh, PA 15229
10130	1.00	0.25	5892	36.096203	-94.16504	University of AR XC course	Venue Not Supplied City Not Supplied, AR
10131	1.00	0.75	12517	38.975304	-76.48879	St. Mary's School - High School	Mount St. Mary's Emmitsburg, MD 21727
6964	1.00	0.50	13636	40.096992	-75.073654	Lorimer Park	Lorimer Park Huntingdon Valley, PA 16802
18607	1.00	0.50	11173	42.712883	-73.20314	Williams College	Williams College Williamstown, MA
9241	1.00	0.50	24733	41.66931	-73.98069	Hudson Valley Sports Dome	Hudson Valley Sports Dome Milton, NY 11764
9933	1.00	0.50	12847	40.510086	-75.783424	Kutztown University Farm Course	Farm Course at Kutztown University Kutztown, PA 19530
14653	1.00	0.50	24983	39.843098	-88.974815	Millikin	Millikin 3915 West Main Street Decatur, IL 62522
20392	1.00	0.50	3565	26.273802	-80.174286	Tradewinds Park	Tradewinds Coconut Creek, FL 33073
10362	1.00	0.50	6701	40.435062	-79.94175	Schenley Park	Schenley Park Pittsburgh, PA 15229
12952	1.00	0.25	24434	28.007912	-81.91145	Holloway Park	Holloway Park XC Course Lakeland, FL
10147	1.00	0.75	12517	38.975304	-76.48879	St. Mary's School - High School	Mount St. Mary's Emmitsburg, MD 21727
10226	1.00	0.00	48750	39.37761	-101.05286	Colby Community College	Colby Country Club Colby, KS 67701
20248	1.00	0.33	8206	39.01927	-76.759346	Bowie State University	Jericho Park 9510 Laurel Bowie Road Bowie, MD 20720
10150	1.00	0.75	12517	38.975304	-76.48879	St. Mary's School - High School	Mount St. Mary's Emmitsburg, MD 33574
22882	1.00	0.25	31762	27.443476	-82.59333	Bayshore High School	Bayshore HS Bradenton, FL 34210
23606	1.00	0.00	46323	35.88128	-84.62003	Roane State Community College	Roane State Community College Harriman, TN
10797	1.00	0.50	1578	42.302826	-71.08769	Franklin Park	Franklin Park Boston, MA 02131
10532	1.00	0.00	46618	32.363544	0.0	Clinton High School	Millsaps College Clinton, MS 39209
8373	1.00	0.50	30796	38.102203	-84.55155	Masterson Station Park	Masterson Station Park Lexington, KY 40506
11748	1.00	0.50	9421	37.28538	-79.943756	Washington Park	Mary Washington Fredericksburg, VA
9495	1.00	0.50	26400	38.795097	-121.242004	Spring View MS	Johnson Spring View Park, Rocklin Rocklin, CA 95677
12076	1.00	0.33	24499	41.87157	-80.120804	Edinboro	Doug Watts Cross Country Course Edinboro, PA 16412
12147	1.00	0.75	12517	38.975304	-76.48879	St. Mary's School - High School	Mount St. Mary's Emmitsburg, MD 21727
12358	1.00	0.50	26962	31.467829	-100.50381	San Angelo State Park (South)	Angelo State University San Angelo, TX 76909
12368	1.00	0.00	43057	40.716686	-73.599396	Hofstra University	Hofstra University Hempstead, NY 11549
12366	1.00	0.00	43057	40.716686	-73.599396	Hofstra University	Hofstra University Hempstead, NY 11549
12660	1.00	0.50	46593	39.720432	-90.23117	Jacksonville Community Park	Community Park Jacksonville, IL 62650
22717	1.00	0.50	41230	43.728394	-71.32201	Castle in the Clouds	Moultonborough - Castle in the Clouds Castle-in-the-Clouds, NH
16444	1.00	0.50	27048	41.819794	-89.59744	Sauk Valley Community College	Sauk Valley Community College Campus Dixon, IL 61021
12939	1.00	0.00	18453	38.01275	-84.157364	Lykins Park	Lykins Park 1601 Mt. Sterling Rd. Winchester, KY 40391
11897	1.00	0.00	21112	47.931187	-97.009346	East Grand Forks	UND Cross Country Course Grand Forks, ND 58202
14903	1.00	0.50	25005	45.548637	-94.151535	St. Cloud State University	St. Cloud State St. Cloud, MN 56301
24109	1.00	0.50	45016	26.558119	-81.60188	East Lee County High School	East Lee County Lehigh, FL 33971
14166	1.00	0.50	24990	39.649876	-78.93456	Frostburg State University	Maplehurst Country Club Frostburg, MD 21532
14449	1.00	0.50	25016	42.7536	-78.821434	Hilbert	Hilbert College 5200 South Park Ave Hamburg, NY
18379	1.00	0.50	25642	26.242607	-98.24962	Soccer Complex	WTC Soccer Complex Snyder, TX 00000
17000	1.00	0.33	12893	41.18995	-85.19364	Carroll High School	FW Carroll MS Ft. Wayne, IN 46818
26021	1.00	0.33	27824	38.274853	-86.96517	Southridge High School	SouthRidge Huntingburg, IN 47542
26013	1.00	0.33	27824	38.274853	-86.96517	Southridge High School	Southridge Huntingburg, IN 47424
17144	1.00	0.50	26962	31.467829	-100.50381	San Angelo State Park (South)	Angelo State Cross Country Course San Angelo, TX 76904
13856	1.00	0.00	3697	37.50329	-97.48529	Clearwater High	Clearwater HS Clearwater, KS 67026
20508	1.00	0.25	46576	28.226686	-81.58783	Davenport High School	Davenport Davenport, FL 33837
16367	1.00	0.00	41160	42.185135	-71.29689	Medfield High School	Medfield Medfield, MA 02052
26662	1.00	0.33	2037	41.62897	-85.90609	Ox Bow Park	Ox Bow Park 23033 CR 45 Goshen, IN 46516
21891	1.00	0.67	18360	27.951035	-80.67617	Bayside High School	Bayside HS Palm Bay, FL
26586	1.00	0.50	43892	27.633774	-80.35194	South Beach Park	Pompano Municipal Pompano Beach, FL 33060
24861	1.00	0.25	34127	24.703672	-81.07782	Marathon High School	KWHS Golf Course Marathon, FL 33040
21898	1.00	0.50	20663	35.675716	-101.38823	Borger HS	Jeep Webb Borger, TX 79007
26461	1.00	0.50	7900	42.17055	-72.5471	Chicopee Memorial State Park	Chicopee Memorial Park Chicopee, MA 01002
20627	1.00	0.25	31762	27.443476	-82.59333	Bayshore High School	Bayshore HS Bradenton, FL 34210
25515	1.00	0.50	43892	27.633774	-80.35194	South Beach Park	Jensen Beach High School Jensen Beach, FL 34957
15160	1.00	0.00	21089	41.08151	-74.17462	Ramapo College	Ramapo College Mahwah, NJ 07430
8812	1.00	0.50	36217	35.47893	-80.88944	mcalpine	McAlpine Clreek Park Charlotte, NC 77843
26809	1.00	0.50	46458	29.369349	-82.45025	Williston Middle High School	Williston High School 427 West Noble Ave. Williston, FL 34769
24560	1.00	0.50	43461	28.376501	-80.699265	Merritt Island High School	Merritt Island Christian Merritt Island, FL
8011	1.00	0.50	24230	38.03065	-84.50397	University of Kentucky	Kentucky 3051 Leestown Road Lexington, KY 40511
26321	1.00	0.25	5892	36.096203	-94.16504	University of AR XC course	Winamac Community , AR
26318	1.00	0.50	47527	34.711975	-120.45653	The Mission Club	UC Santa Barbara Mission Club, Lompoc, CA 93106
26663	1.00	0.33	2037	41.62897	-85.90609	Ox Bow Park	Ox Bow Park 23033 CR 45 Goshen, IN 46516
15560	1.00	0.50	3383	26.36431	-80.11715	Boca Raton High School	South County Park Boca Raton, FL
16004	1.00	0.33	8206	39.01927	-76.759346	Bowie State University	Jericho Park 9510 Laurel Bowie Road Bowie, MD 20720
8616	1.00	0.20	7745	29.998566	-90.21482	Lafreniere Park	Lafreniere Park 3000 Downs Blvd. Metairie, LA 70003
8642	1.00	0.00	26789	41.8803	-71.54437	Smithfield High School	Bulldog Stadium 1150 Douglas Pike Smithfield, RI 02917
27218	1.00	0.20	4730	31.748972	-93.09788	Northwestern State University	Northwestern State University Natchitoches, LA 71497
18533	1.00	0.33	12893	41.18995	-85.19364	Carroll High School	FW Carroll MS Ft. Wayne, IN 46818
8487	1.00	0.50	24975	40.13486	-75.060295	Bryn Athyn	Bryn Athyn College XC Course Bryn Athyn, PA 19009
26121	1.00	0.50	35044	34.10063	-77.91091	Ashley HS	Ashley High School Wilmington, NC 28403
8561	1.00	0.00	6706	38.992332	-94.69774	Overland	SM Park Overland Park, KS 66219
22758	1.00	0.00	43979	36.302017	-82.29484	Milligan University	Milligan University Milligan University, TN 37682
26074	1.00	0.50	31059	38.988186	-85.62426	Muscatatuck Park	Muscatatuck State Park Muscatatuck Park North Vernon, IN 47265
9056	1.00	0.50	6701	40.435062	-79.94175	Schenley Park	Schenley Park Pittsburgh, PA 15701
19494	1.00	0.25	31617	29.6446	-81.66956	Palatka High School	Palatka Palatka, FL
19731	1.00	0.33	24745	42.91676	-71.63467	Freestyle Farm	North Star Timing Freestyle Farm, Amherst, NH 03054
15239	1.00	0.50	37281	43.682137	-85.50746	Big Rapids High School	Kaatke Golf Course Big Rapids, MI 49307
18658	1.00	0.67	34133	28.599771	-82.55052	Weeki Wachee High School	Weeki Wachee Preseve Weeki Wachee, FL
8957	1.00	0.50	41002	31.569035	-84.14042	Albany State University	Albany State University Albany, GA 31705
17837	1.00	0.50	12452	37.27369	-107.871185	Fort Lewis College	Fort Lewis 2300 Rim Drive Durango, CO 81301
8261	1.00	0.50	20405	30.440311	-97.80684	Spicewood Golf Course 	Balcones-Spicewood Springs Course -Austin,TX Austin, TX 78750
18813	1.00	0.50	46593	39.720432	-90.23117	Jacksonville Community Park	IC Campus Jacksonville, IL 61761
22092	1.00	0.00	23061	43.46084	-85.95441	Fremont MS	Fremont 1 Squire Drive Fremont, MI 49412
15957	1.00	0.67	5633	40.891476	-81.10237	Silver Park	Silver Creek Metropark CC Trails Norton, OH 44325
9777	1.00	0.33	8729	37.210857	-80.45935	Blacksburg HS XC Course 	Buford Meredith Cross Country Course Blacksburg, VA 24061
18932	1.00	0.50	1289	37.84502	-90.48249	Mineral Area College	Mineral Area College Park Hills, MO
15187	1.00	0.67	46322	30.41024	-91.18571	Louisiana State University	Ward 3 Rec: Enos Darbonne Sports Complex Lake Street Louisiana, LA 70605
14552	1.00	0.00	41160	42.185135	-71.29689	Medfield High School	Medfield Medfield, MA 02052
12853	1.00	0.50	39373	39.942837	-82.890976	Columbus	Columbus State Community College Delaware Delware, OH 43015
9313	1.00	0.25	5892	36.096203	-94.16504	University of AR XC course	Venue Not Supplied City Not Supplied, AR
26629	1.00	0.25	31762	27.443476	-82.59333	Bayshore High School	Bayshore HS Bradenton, FL 34210
20036	1.00	0.25	46576	28.226686	-81.58783	Davenport High School	Davenport HS Davenport, FL 33837
26610	1.00	0.00	28573	42.93188	-70.83152	Winnacunnet High School	Winnacunnet High School Alumni Drive Hampton, NH 03842
10597	1.00	0.50	38703	36.259163	-83.27628	Cherokee Park	Cherokee Farms Knoxville, TN 00000
14730	1.00	0.50	19690	37.466743	-81.06001	Pipestem State Park	Pipestem State Park 3405 Pipestem Drive Pipestem, WV 25979
18421	1.00	0.25	5892	36.096203	-94.16504	University of AR XC course	UARM Cross Country Course Mena, AR
13117	1.00	0.50	6701	40.435062	-79.94175	Schenley Park	Schenley Park 1 Overlook Dr Pittsburgh, PA 15213
23090	1.00	0.25	22872	29.073198	-82.089485	Belleview HS	Belleview Belleview, FL
12850	1.00	0.50	37159	34.97914	-81.87905	Spartanburg HS	Milliken Park Spartanburg, SC 29301
12806	1.00	0.33	28574	32.87974	-79.78485	Park West Recreation Complex	Recreation Fields Course 3000 Downs Blvd. Conway, SC 29526
8260	1.00	0.50	20405	30.440311	-97.80684	Spicewood Golf Course 	Balcones-Spicewood Springs Course 11210 Spicewood Club Drive Austin, TX 78750
8637	1.00	0.50	2966	33.20749	-97.15259	UNT Golf Course	UNT Cross Country Course Denton, TX 76203
9943	1.00	0.00	21787	39.421665	-76.701294	Stevenson University	Stevenson Stevenson, MD 21153
15578	1.00	0.00	3697	37.50329	-97.48529	Clearwater High	Clearwater Middle School Clearwater, KS 67026
22510	1.00	0.33	12893	41.18995	-85.19364	Carroll High School	FW Carroll MS Ft. Wayne, IN 46818
10066	1.00	0.67	2789	29.357883	-98.44898	San Antonio State School	San Antonio State School San Antonio, TX
1021	1.00	0.00	23061	43.46084	-85.95441	Fremont MS	RB Fremont, MI 49412
18398	1.00	0.50	25642	26.242607	-98.24962	Soccer Complex	WTC Soccer Complex Snyder, TX 00000
24603	1.00	0.67	22217	43.059177	-70.76607	Portsmouth High School	Portsmouth Christian High School Portsmouth, NH 03820
9279	1.00	0.33	6515	41.676914	-71.29853	Colt State Park	Colt State Park Route 114 Hope Street Bristol, RI 02809
970	1.00	0.00	23061	43.46084	-85.95441	Fremont MS	Fremont 907 First NH Turnpike Fremont, MI 49412
24240	1.00	0.67	43186	40.468525	-86.31476	The Valley	Camp Sycamore Valley Lafayette, IN 46065
1041	1.00	0.50	47541	33.38955	-111.87354	Mesa Community College	Mesa Thunderbird Cross Country Classic , AZ
1086	1.00	0.50	33658	44.36751	-89.84122	Tri City Golf Course	Tri-Metro CC Championships Marquette, WI 49855
1050	1.00	0.00	23061	43.46084	-85.95441	Fremont MS	RB 24 Cavalier Court Fremont, MI 49412
1037	1.00	0.33	7592	42.925426	-72.28034	Keene State College	Keene High School 43 Arch St. Keene, NH 03431
9014	1.00	0.33	24803	37.449055	-79.19688	Humankind	HumanKind Campus 151 Linden Avenue Lynchburg, VA 24503
7679	1.00	0.50	31803	43.0528	-75.405975	Hamilton College	Hamilton College Cross-Country Course 2400 N Gemini Rd Clinton, NY 13323
7200	1.00	0.00	10129	38.34286	-81.83919	Meadowood Park	Meadowood Soccer Complex Tornado, WV 25202
8372	1.00	0.33	29075	19.727728	-155.06447	Naniloa Golf Course	Naniloa Golf Course Hilo, HI 12345
8859	1.00	0.67	3878	34.165054	-118.16703	Rose Bowl	Pasadena Rose Bowl Pasadena, CA 90210
8777	1.00	0.50	10270	40.1121	-75.13146	Abington HS	Penn State Abington Cross-Country Course Huntington Valley, PA 19006
8844	1.00	0.00	8206	39.01927	-76.759346	Bowie State University	Jericho Park Bowie, MD 20717
8545	1.00	0.25	5892	36.096203	-94.16504	University of AR XC course	Venue Not Supplied City Not Supplied, AR
8518	1.00	0.00	48750	39.37761	-101.05286	Colby Community College	Colby Country Club Colby, KS 67701
9232	1.00	0.33	46155	40.819893	-73.59522	LIU Post	LIU Post Brookville, NY 11764
7938	1.00	0.50	12291	27.944815	-82.21917	SYDNEY DOVER TRAILS	Sydney Dover Trails, FL Valrico, FL 33594
7846	1.00	0.67	3878	34.165054	-118.16703	Rose Bowl	Pasadena Rose Bowl pasadena, CA 91103
7966	1.00	0.50	47133	38.954346	-95.2558	University of Kansas	Kansas Pavilions Valley Center, KS 67147
10783	1.00	0.50	7613	42.3163	-72.64031	Smith College	Smith College 106 Village Street Northampton, MA
8941	1.00	0.50	24975	40.13486	-75.060295	Bryn Athyn	Bryn Athyn Cross-Country Course Bryn Athyn, PA
8995	1.00	0.40	8935	37.649803	-84.76682	Danville High School	Admiral Stadium XC Course Danville, KY 40422
8278	1.00	0.50	48130	41.374775	-83.65132	Bowling Green	Bowling Green, OH 43403
10368	1.00	0.50	6701	40.435062	-79.94175	Schenley Park	Schenley Park Pittsburgh, PA 15229
10406	1.00	0.50	5860	40.51741	-89.00466	Weibring Golf Club	Weibring Golf Course Normail, IL 61790
10363	1.00	0.50	6701	40.435062	-79.94175	Schenley Park	Schenley Park Pittsburgh, PA 15229
9087	1.00	0.50	8585	43.177845	-71.82144	New England College	New England College HENNIKER, NH
8370	1.00	0.67	44077	30.027313	-90.06801	The University of New Orleans	UNO New Orleans, LA 70122
8355	1.00	0.50	21787	39.421665	-76.701294	Stevenson University	Stevenson University 1525 Greenspring Valley Rd Stevenson, MD 21153
11931	1.00	0.00	21787	39.421665	-76.701294	Stevenson University	Stevenson XC Course Stevenson, MD 21153
9287	1.00	0.50	10806	39.176365	-89.47285	Hillsboro Country Club	Hillsboro Golf Course Hillsboro, IL 63132
9292	1.00	0.50	26835	38.39861	-76.50691	Jefferson Patterson Park	Jefferson Patterson Park & Museum St. Leonard, MD 20685
7955	1.00	0.00	7751	31.282324	-89.31667	Tatum Park	Tatum Park Hattisburg, MS 39401
11204	1.00	0.50	1578	42.302826	-71.08769	Franklin Park	Franklin Park Boston, MA 02131
11132	1.00	0.33	7682	40.02803	-75.57157	Immaculata University	Immaculata Cross Country Course Malvern, PA 19345
8171	1.00	0.67	17497	38.86936	-99.29585	Hays High School	Sand Plum Hays, KS 67601
8183	1.00	0.50	30866	64.87718	-147.81714	Fairbanks Golf Course	Alaska Fairbanks Fairbanks, AK 99795
13857	1.00	0.67	39945	28.981434	-98.02491	Falls City HS	Camp Perkins Boy Scouts of America Wichita Falls, TX 76305
8933	1.00	0.50	7930	42.965492	-76.07161	Jamesville Beach County Park	Jamesville Beach State Park Jamesville, NY 13502
12136	1.00	0.75	12517	38.975304	-76.48879	St. Mary's School - High School	Mount St. Mary's Emmitsburg, MD 21727
12430	1.00	0.00	40612	43.758293	-71.673996	Holderness School	ALLWell North Holderness, NH 03245
13076	1.00	0.00	41160	42.185135	-71.29689	Medfield High School	Medfield Medfield, MA 02052
16690	1.00	0.50	1578	42.302826	-71.08769	Franklin Park	Franklin Park Boston, MA 02131
12045	1.00	0.75	44077	30.027313	-90.06801	The University of New Orleans	New Orleans Lakefront City Not Supplied, LA
14458	1.00	0.67	11706	33.86483	-118.06529	Cerritos High School	Don Knabe Park Cerritos, CA 92373
10854	1.00	0.00	10129	38.34286	-81.83919	Meadowood Park	Meadowood Park Tornado, WV 25202
12303	1.00	0.50	7974	46.830853	-96.92033	West Fargo Course	Rose Creek Golf Course Fargo, ND 58102
14876	1.00	0.50	26962	31.467829	-100.50381	San Angelo State Park (South)	Angelo State Cross Country Course San Angelo, TX 76904
11933	1.00	0.33	27047	40.53415	-77.97826	Standing Stone Golf Club	Standing Stone Golf Course Huntingdon, PA 99999
11910	1.00	0.50	24320	41.50434	-81.60838	Case Western 	Case Western Cleveland, OH 44106
15428	1.00	0.33	34622	40.41394	-79.88964	Carrie Blast Furnace	Carrie Blast Furnace Rankin, PA 15260
15422	1.00	0.50	31542	41.497974	-81.37423	Laurel School Butler Campus	Butler Campus - Laurel School Butler Campus-Laurel School- 7420 Fairmount Rd Novelty, OH 44072
14347	1.00	0.33	28574	32.87974	-79.78485	Park West Recreation Complex	Hackler Course (college) and Recreation Fields (HS) 3000 Downs Blvd. Conway, SC 29526
15778	1.00	0.33	3346	41.42592	-85.58168	West Noble High School	West Noble Schools Ligonier, IN
15886	1.00	0.25	18155	46.904213	-117.34572	Colfax Golf Club	Colfax Golf Club Colfax, WA 99163
15096	1.00	0.50	39945	28.981434	-98.02491	Falls City HS	Wee-Chi-Tah Mtn. Bike Trail 111. N. Burnett Wichita Falls, TX 76310
13229	1.00	0.00	21112	47.931187	-97.009346	East Grand Forks	UND Cross Country Course Grand Forks, ND 58202
13207	1.00	0.50	16639	48.41268	-123.36312	Beacon Hill Park	Beacon Hill Park XC Course Victoria, BC
13450	1.00	0.50	17140	33.105614	-97.00047	Westlake Park	Westlake TX Austin, TX 78746
15848	1.00	0.50	40021	36.84278	-98.65925	Alva Golf Club	Alva Golf & Country Club Alva, OK 73717
12714	1.00	0.00	28386	37.122948	-100.77485	Arkalon Park	Arkalon Park Liberal, KS
13160	1.00	0.50	8386	33.575787	-102.36285	South Plains College Complex	South Plains College Track Levelland, TX 79336
13130	1.00	0.50	19690	37.466743	-81.06001	Pipestem State Park	Pipestem State Park 3405 Pipestem Drive Pipestem, WV 25979
15969	1.00	0.50	10621	38.713753	-85.460236	Hanover College	Hanover Cross Country Course Hanover, IN 47374
15925	1.00	0.50	19882	31.616037	-94.64393	Pecan Park	Pecan Park 712 Hayter St Nacogdoches, TX 75961
14206	1.00	0.75	4503	41.864704	-84.34679	Hudson HS	South Course @ Hudson Mills Metropark Dexter, MI 48130
14200	1.00	0.50	18247	40.321182	-79.37948	St. Vincent College	St. Vincent City Not Supplied, PA
13767	1.00	0.00	21787	39.421665	-76.701294	Stevenson University	Stevenson University Stevenson, MD 21153
15645	1.00	0.50	7974	46.830853	-96.92033	West Fargo Course	Rose Creek Golf Course Fargo, ND 58105
15650	1.00	0.25	7640	40.912376	-73.12339	Stony Brook University	Stony Brook University Stony Brook Stony Brook, NY 11764
15060	1.00	0.50	7782	34.33053	-82.39056	Erskine College	Erskine College 20 North Main St Due West, SC 29639
14913	1.00	0.50	6701	40.435062	-79.94175	Schenley Park	Schenley Park, Pittsburgh, PA Pittsburgh, PA 15222
15353	1.00	0.67	3555	33.554695	-84.31062	Mount Zion High School	Mount Zion Baptist Church 7102 Mt Zion Blvd Jonesboro, GA 30236
15323	1.00	0.75	4503	41.864704	-84.34679	Hudson HS	Hudson Mills Metropark 8801 N Territorial Rd Dexter, MI 48103
15338	1.00	0.50	37159	34.97914	-81.87905	Spartanburg HS	Milliken 920 Milliken Rd Spartanburg, SC 29303
16060	1.00	0.67	24834	35.04563	-85.30968	Chattanooga	Camp Jordan 323 Camp Jordan Parkway Chattanooga, TN 37412
16077	1.00	0.00	43979	36.302017	-82.29484	Milligan University	Milligan College Milligan College, TN 37682
16282	1.00	0.50	11131	38.88255	-80.85414	Cedar Creek State Park	Cedar Creek State Park 200 High St. Glenville, WV 26351
16306	1.00	0.50	3443	40.27217	-76.858406	Reservoir Park	Reservoir Park York, PA 17403
16223	1.00	0.50	31910	44.58921	-75.16088	St. Lawrence University	St. Lawrence Univeristy Canton, NY 13617
20486	1.00	0.25	31762	27.443476	-82.59333	Bayshore High School	Bayshore HS Bradenton, FL 34210
14100	1.00	0.00	19652	43.45102	-71.480225	Belmont High School	Belmont HS Belmont, NH 03220
17645	1.00	0.50	35849	37.97085	-122.51362	San Rafael High School	Dominican University XC Course San Rafael, CA
17625	1.00	0.50	35849	37.97085	-122.51362	San Rafael High School	Dominican Home Course San Rafael, CA
15426	1.00	0.50	9421	37.28538	-79.943756	Washington Park	Mary Washington Fredericksburg, VA
15127	1.00	0.50	41002	31.569035	-84.14042	Albany State University	Albany State University Albany, GA 31701
15055	1.00	0.50	6225	40.759457	-74.18117	Branch Brook Park	Branch Brook Park, Newark Newark, NJ 07102
19095	1.00	0.50	37274	43.521767	-84.69054	Shepherd High School	Shepherd High School 321 S 4th St. Shepherd, MI 48883
19085	1.00	0.33	7665	41.559277	-75.60502	Lakeland HS	Lakeland High School Montdale, PA
19116	1.00	0.50	36034	40.56844	-80.01433	La Roche University	La Roche University Pittsburgh, PA
15847	1.00	0.50	37969	43.41312	-71.9764	Colby-Sawyer College	Colby-Sawyer College New London, NH 03257
15972	1.00	0.33	24499	41.87157	-80.120804	Edinboro	Edinboro Universtiy Edinboro, PA 16412
15983	1.00	0.50	43954	37.719143	-97.28994	Wichita State University	Cessna Activity Wichita, KS 67218
16437	1.00	0.50	47335	32.261063	-110.85135	Tucson Country Club	Silverlake Park 2420 S Kino Pkwy Tucson, AZ 85713
22504	1.00	0.00	48865	43.154236	-71.547745	Bow High School	Bow High School , NH
18896	1.00	0.50	6225	40.759457	-74.18117	Branch Brook Park	Branch Brook Park Branch Brook Park Newark, NJ 07104
18347	1.00	0.33	33105	45.232105	-112.612015	Beaverhead Golf Course	Beaverhead Golf Course Dillon, MT
19365	1.00	0.25	46686	28.62417	-81.179756	Hagerty High School	Hagerty High School Oviedo, FL 32765
21137	1.00	0.50	27048	41.819794	-89.59744	Sauk Valley Community College	Sauk Valley Community College Campus Dixon, IL 61021
13662	1.00	0.00	38560	38.90756	-76.9545	Kenilworth Park	Kenilworth Park Washington, DC 20019
13715	1.00	0.50	37969	43.41312	-71.9764	Colby-Sawyer College	Colby-Sawyer College New London, NH 03257
19712	1.00	0.50	44947	38.51225	-90.27961	Jefferson Barracks Park	Jefferson Barracks Park St. Louis, MO 63125
19544	1.00	0.67	18360	27.951035	-80.67617	Bayside High School	Bayside HS Palm Bay, FL
20763	1.00	0.25	46230	29.993933	-81.67655	Spring Park	Springstead Spring Hill, FL
20275	1.00	0.50	3565	26.273802	-80.174286	Tradewinds Park	Tradewinds Coconut Creek, FL 33073
19770	1.00	0.33	44973	30.177685	-93.21522	McNeese State University	McNeese State Lake Charles, LA 70605
20010	1.00	0.50	37402	29.601206	-81.234146	Matanzas High School	Matanzas XC Course Flagler, FL 32137
20040	1.00	0.50	36348	47.78216	-117.40116	Wandermere Golf Course	Wandermere Golf Course Spokane, WA 99208
21083	1.00	0.25	24434	28.007912	-81.91145	Holloway Park	Holloway Park Lakeland, FL 11111
16587	1.00	0.50	36034	40.56844	-80.01433	La Roche University	La Roche University Pittsburgh, PA
22312	1.00	0.50	46847	32.709663	-103.12286	Hobbs High School	WTC Cross Country Course Hobbs, NM 88240
21284	1.00	0.33	33445	29.154387	-82.24975	West Port High School	North Port XC Course North Port, FL
24911	1.00	0.25	26719	30.162683	-81.58432	Mandarin High School	Mandarin Jax, FL 32258
23453	1.00	0.67	41214	36.512745	-82.42176	West Ridge HS	Camp Jordan East Ridge, TN 37412
21349	1.00	0.25	1312	28.824316	-82.49843	Lecanto High School	Lecanto High Lecanto, FL
22591	1.00	0.50	26719	30.162683	-81.58432	Mandarin High School	Mandarin Jacksonville, FL 32258
21827	1.00	0.50	3565	26.273802	-80.174286	Tradewinds Park	Tradewinds Park Coral Springs, FL 33073
24054	1.00	0.50	31052	42.912502	-71.072525	Sanborn Regional High School	Sanborn Regional High School Kingston, NH 13323
24609	1.00	0.25	21120	28.02859	-82.769585	Dunedin High School	Dunedin, FL
24547	1.00	0.33	12893	41.18995	-85.19364	Carroll High School	FW Carroll MS Ft. Wayne, IN 46818
24336	1.00	0.50	17897	38.9536	-90.34787	Principia College	Principia North Farm Elsah, IL
23366	1.00	0.50	28915	40.073486	-76.28809	Lancaster Bible College Campus	Lancaster Bible College Lancaster, PA 17608
26628	1.00	0.25	31762	27.443476	-82.59333	Bayshore High School	Bayshore Bradenton, FL 34210
26541	1.00	0.50	2626	26.172935	-81.79469	Naples High School	St. Ann's Naples Naples, FL
25452	1.00	0.50	31244	28.317303	-81.437996	Kissimmee MS	Tohopekaliga HS 3675 Boggy Creek Rd Kissimmee, FL 34744
26301	1.00	0.33	40065	40.911697	-86.28217	Caston High School	Caston P.O. Box128 Lakeville, IN 46931
24050	1.00	0.67	3307	41.145737	-85.13945	Northrop High School	Ft. Wayne Northrop Fort Wayne, IN 46825
24224	1.00	0.50	43892	27.633774	-80.35194	South Beach Park	Jensen Beach High School Jensen Beach, FL 34957
24310	1.00	0.50	22876	30.15217	-84.3613	3Y Ranch	3Y Ranch Crawfordville, FL 32327
26691	1.00	0.25	34127	24.703672	-81.07782	Marathon High School	Marathon Marathon, FL
25666	1.00	0.50	5180	41.47181	-88.182076	Channahon Community Park	Channahon Community Park 23400 W McClintock Rd Channahon, IL 60410
25709	1.00	0.00	46323	35.88128	-84.62003	Roane State Community College	Roane State Harriman, TN
25554	1.00	0.50	46482	27.92004	-82.785545	Largo High School	Largo HS Largo, FL 34640
26172	1.00	0.00	6522	42.58783	-70.82393	Gordon College	Gordon College Bennett Center Wenham, MA 01984
27253	1.00	0.67	19646	43.200436	-71.55118	Concord High School	NHTI Concord, NH 03824
23461	1.00	0.50	31669	28.854074	-82.51448	Warrior Park	Warrior XC Course Winter Garden, FL 34787
26859	1.00	0.33	13414	40.89605	-86.066154	North Miami Middle/High School	North Miami High School 394 E 900N Denver, IN 46926
26171	1.00	0.00	6522	42.58783	-70.82393	Gordon College	Gordon College Bennett Center Wenham, MA 01984
26104	1.00	0.25	10773	25.729084	-80.323616	Tropical Park	Tropical Park Miami , FL
26154	1.00	0.33	12893	41.18995	-85.19364	Carroll High School	FW Carroll MS Ft. Wayne, IN 46818
26050	1.00	0.67	19681	38.06802	-97.92053	Hutchinson Community College	Fun Valley 1300 North Plum Hutchinson, KS 67501
24596	1.00	0.50	18375	43.217888	-71.21111	Coe-Brown Northwood Academy	Coe-Brown Northwood Academy Coe-Brown Northwood Academy, NH 03261
26495	1.00	0.67	37402	29.601206	-81.234146	Matanzas High School	Matanzas 3535 Old Kings Rd N Palm Coast, FL 32137
26487	1.00	0.50	33808	30.319841	-91.11818	LSU University Club Course	LSU P.O. Box 25095 Baton Rouge, LA 70894
26565	1.00	0.50	43554	30.482635	-81.6083	First Coast High School	@ First Coast HS Jacksonville, FL 32218
27164	1.00	0.50	20927	24.577541	-81.74571	Key West Golf Club	BP Key West, FL 33040
27259	1.00	0.50	47963	39.710392	-83.87941	Wilberforce University	Wilberforce University Wilberforce, OH
25565	1.00	0.25	23135	27.093899	-82.44062	Venice High School	Venice HS Venice, FL 34285
22715	1.00	0.50	18375	43.217888	-71.21111	Coe-Brown Northwood Academy	Coe-Brown Northwood Academy Coe-Brown Northwood Academy, NH 03261
9063	1.00	0.00	4706	38.87739	-76.94951	Fort Dupont Park	Fort Dupont Park Washington, DC 20002
10850	1.00	0.25	5892	36.096203	-94.16504	University of AR XC course	UA Agri Farms Fayetteville, AR 72701
24597	1.00	0.50	18375	43.217888	-71.21111	Coe-Brown Northwood Academy	Coe-Brown Northwood Academy Coe-Brown Northwood Academy, NH 03261
8609	1.00	0.50	381	40.792305	-89.579346	Detweiller Park	Detweiller Park Peoria, IL 61614
20460	1.00	0.50	31993	37.806698	-94.32333	City Of Nevada Golf Course	Frank E. Peters GC Nevada, MO 65211
10895	1.00	0.50	11207	40.170437	-80.23872	Washington & Jefferson College	Washington & Jefferson College Washington, PA 15301
25921	1.00	0.25	37859	26.33654	-81.43901	Ave Maria University	Ave Maria Ave Maria, FL
17231	1.00	0.00	3921	39.367878	-96.85915	Leonardville Golf Club	Leonardville Golf Course Leonardville, KS
25409	1.00	0.50	29574	28.84625	-82.34149	Inverness Middle School	Whispereing Pines Inverness , FL
9863	1.00	0.50	47133	38.954346	-95.2558	University of Kansas	Kansas Pavilions Valley Center, KS 67147
10803	1.00	0.50	7667	41.159893	-73.25755	Fairfield University	Fairfield University Fairfield, CT 06824
22714	1.00	0.50	18375	43.217888	-71.21111	Coe-Brown Northwood Academy	Coe-Brown Northwood Academy Coe-Brown Northwood Academy, NH 03261
23943	1.00	0.33	44973	30.177685	-93.21522	McNeese State University	McNeese State Lake Charles, LA 70605
26415	1.00	0.33	6610	38.321877	-86.14439	North Harrison High School	North Harrison High School 1070 Hwy 64 Ramsey, IN 47166
16363	1.00	0.50	33232	39.102215	-95.85569	Silver Lake HS	Silver Lake Jr. High Silver Lake, KS 66539
8302	1.00	0.50	807	35.217545	-111.632324	Buffalo Park	Buffalo Park Flagstaff, AZ 86001
16041	1.00	0.50	1745	30.536364	-97.62613	Old Settlers Park	Old Settlers Park Leander, TX
16297	1.00	0.50	2408	39.144947	-78.19719	Kernstown Battlefield	Kernstown Battlefield Kernstown, VA
25523	1.00	0.50	24774	27.22245	-81.875725	Morgan Park	Morgan Park 1710 East Gibson Street Arcadia, FL 33821
8650	1.00	0.50	43954	37.719143	-97.28994	Wichita State University	Cessna Activity Center 2301 E Douglas Ave Wichita, KS 67211
14391	1.00	0.00	19652	43.45102	-71.480225	Belmont High School	Belmont HS Woods Loop Belmont, NH 03220
13855	1.00	0.00	3697	37.50329	-97.48529	Clearwater High	Clearwater Middle School Clearwater, KS 67026
10813	1.00	0.50	35953	33.702656	-117.78155	Irvine High School	Irvine Park irvine, CA 92869
14931	1.00	0.67	11706	33.86483	-118.06529	Cerritos High School	Don Knabe Park Cerritos, CA 92373
15579	1.00	0.00	3697	37.50329	-97.48529	Clearwater High	Clearwater HS Clearwater, KS 67026
26359	1.00	0.25	5892	36.096203	-94.16504	University of AR XC course	Ox Bow Park 23033 CR 45 Goshen, AR 46516
22501	1.00	0.00	48865	43.154236	-71.547745	Bow High School	Bow High School Bow, NH
9853	1.00	0.00	3697	37.50329	-97.48529	Clearwater High	Clearwater Middle School Clearwater, KS 67026
15175	1.00	0.00	30751	36.507576	-87.20985	Sango Elementary	Eastland Green South Nine Golf Course 4674 Sango Rd Clarksville, TN 37403
8864	1.00	0.50	33365	41.917324	-88.086945	Camera Park	Camera Park Glendale Heights, IL 60478
7968	1.00	0.50	47133	38.954346	-95.2558	University of Kansas	Kansas Pavilions Valley Center, KS 67147
7949	1.00	0.00	3697	37.50329	-97.48529	Clearwater High	Clearwater Middle School Clearwater, KS 67026
11816	1.00	0.50	604	36.60497	-121.69301	Toro Park	Toro Park Salinas, CA 93924
12512	1.00	0.00	19652	43.45102	-71.480225	Belmont High School	Belmont HS Belmont, NH 03220
11702	1.00	0.00	3697	37.50329	-97.48529	Clearwater High	Clearwater HS Clearwater, KS 67026
18257	1.00	0.00	3697	37.50329	-97.48529	Clearwater High	Clearwater Middle School Clearwater, KS 67026
18149	1.00	0.50	20663	35.675716	-101.38823	Borger HS	EJ "Jeep" Webb Track Borger, TX 79007
18776	1.00	0.00	34957	35.751415	-83.964165	Maryville College Course	Maryville Cpllege Maryville, TN 37804
18388	1.00	0.00	28386	37.122948	-100.77485	Arkalon Park	Arkalon Park Liberal, KS
20665	1.00	0.00	8521	42.753513	-71.4958	Nashua High School South	Nashua South Nashua, NH 03063
