meet	div	n	med_gap	iqr	clean_frac	shape
3294	1	37	-38.6	2.4	0.00	TRANSLATION
4104	1	16	-40.8	1.1	0.00	TRANSLATION
4249	1	144	-47.2	4.3	0.00	TRANSLATION
4272	1	137	-47.0	3.1	0.00	TRANSLATION
4273	1	169	-47.6	4.1	0.00	TRANSLATION
4275	1	203	-47.6	2.7	0.00	TRANSLATION
4374	1	15	-37.4	3.1	0.00	TRANSLATION
4516	1	90	-36.1	6.0	0.04	TRANSLATION
4572	27264	33	-43.3	2.7	0.00	TRANSLATION
4572	27265	18	-43.5	4.4	0.00	TRANSLATION
4692	1	68	-38.8	2.2	0.01	TRANSLATION
4788	1	122	-44.3	22.2	0.01	MIXTURE
4876	0	78	-39.6	3.7	0.03	TRANSLATION
4968	0	17	+45.5	47.7	0.29	MIXTURE
4974	1	20	-42.1	8.9	0.05	TRANSLATION
4978	1	15	+68.9	13.2	0.00	MIXTURE
5259	1	41	-38.3	3.3	0.00	TRANSLATION
5431	5	18	+56.5	34.9	0.00	MIXTURE
5467	1	18	-37.8	4.7	0.06	TRANSLATION
5658	1	17	-45.6	1.6	0.00	TRANSLATION
5682	1	21	-37.8	4.4	0.00	TRANSLATION
5760	0	27	-40.8	2.5	0.00	TRANSLATION
5760	2	50	-39.5	2.7	0.00	TRANSLATION
5857	1	18	-39.5	3.6	0.00	TRANSLATION
5992	1	171	-45.7	4.7	0.00	TRANSLATION
6193	1	144	-46.1	10.5	0.00	MIXTURE
6561	1	18	+71.2	11.1	0.00	MIXTURE
6740	1	24	-37.0	2.8	0.00	TRANSLATION
6803	0	28	+49.3	48.9	0.25	MIXTURE
7057	0	35	-44.3	2.2	0.00	TRANSLATION
7160	0	34	+54.9	33.0	0.18	MIXTURE
7247	1	194	-47.6	6.7	0.00	TRANSLATION
7252	1	155	-47.9	2.5	0.00	TRANSLATION
7296	1	145	-49.0	2.8	0.00	TRANSLATION
7531	1	22	-52.1	1.6	0.00	TRANSLATION
7556	0	32	+21.2	48.2	0.41	MIXTURE
7660	0	46	-39.5	3.8	0.02	TRANSLATION
7762	1	42	+60.8	32.8	0.10	MIXTURE
7873	0	32	-37.3	4.1	0.00	TRANSLATION
7891	0	17	-40.2	2.0	0.00	TRANSLATION
7910	1	22	-39.0	2.9	0.00	TRANSLATION
7931	1	45	-37.4	3.3	0.00	TRANSLATION
7938	0	97	-43.2	2.3	0.00	TRANSLATION
7981	0	51	+22.1	55.6	0.29	MIXTURE
8044	0	44	-39.6	2.8	0.00	TRANSLATION
8044	1	42	+11.5	17.7	0.64	MIXTURE
8104	0	23	-37.2	2.8	0.00	TRANSLATION
8121	0	29	-39.1	3.8	0.00	TRANSLATION
8206	0	23	+12.8	25.1	0.57	MIXTURE
8368	0	18	+41.6	40.1	0.00	MIXTURE
8368	1	16	-39.6	4.0	0.00	TRANSLATION
8378	0	20	-40.8	3.9	0.00	TRANSLATION
8482	1	22	-37.5	2.6	0.00	TRANSLATION
8589	40207	20	-44.1	5.1	0.00	TRANSLATION
8623	0	36	+31.6	38.1	0.36	MIXTURE
8834	1	32	-38.9	2.5	0.00	TRANSLATION
8905	0	17	-40.7	2.2	0.00	TRANSLATION
9015	0	26	-39.4	4.4	0.00	TRANSLATION
9048	0	54	+11.5	34.4	0.57	MIXTURE
9081	1	91	-50.9	10.7	0.00	MIXTURE
9082	1	146	-46.7	11.0	0.00	MIXTURE
9084	1	159	-47.8	3.3	0.00	TRANSLATION
9177	0	40	-48.1	3.6	0.00	TRANSLATION
9195	1	24	+50.7	21.5	0.00	MIXTURE
9208	1	23	-38.0	3.1	0.00	TRANSLATION
9306	2	13	-38.3	2.3	0.00	TRANSLATION
9313	1	201	-47.7	8.3	0.00	TRANSLATION
9330	1	150	-46.9	5.2	0.00	TRANSLATION
9331	1	213	-47.0	5.6	0.00	TRANSLATION
9367	0	59	-38.4	3.3	0.00	TRANSLATION
9514	0	22	-38.1	3.8	0.00	TRANSLATION
9640	2	47	-44.9	2.6	0.00	TRANSLATION
9756	0	31	-44.0	3.3	0.00	TRANSLATION
9842	1	25	+72.9	13.2	0.00	MIXTURE
10063	1	29	-38.8	2.9	0.00	TRANSLATION
10064	0	54	-39.4	5.0	0.06	TRANSLATION
10077	0	16	+38.9	5.3	0.00	TRANSLATION
10156	0	82	-39.2	3.8	0.00	TRANSLATION
10401	1	35	-38.5	2.6	0.00	TRANSLATION
10493	1	19	-39.9	3.5	0.05	TRANSLATION
10507	1	12	-38.5	1.8	0.00	TRANSLATION
10514	1	18	-39.6	2.3	0.00	TRANSLATION
10595	1	21	-37.3	3.4	0.05	TRANSLATION
10597	0	16	-41.1	1.2	0.00	TRANSLATION
10714	0	14	-42.4	7.3	0.00	TRANSLATION
10729	1	45	-50.3	2.4	0.00	TRANSLATION
10736	1	21	-40.4	2.5	0.00	TRANSLATION
10739	1	14	-40.1	3.5	0.07	TRANSLATION
10744	1	13	-39.2	4.5	0.00	TRANSLATION
10842	1	25	-39.3	5.4	0.00	TRANSLATION
10893	1	22	-39.1	3.8	0.05	TRANSLATION
10938	0	32	-42.1	4.5	0.00	TRANSLATION
11008	0	31	-42.5	2.4	0.00	TRANSLATION
11503	1	36	-38.9	3.0	0.00	TRANSLATION
11651	0	32	-46.9	3.8	0.00	TRANSLATION
11678	1	14	-38.2	1.7	0.00	TRANSLATION
11857	1	26	-43.5	2.5	0.00	TRANSLATION
12104	1	22	-40.9	3.3	0.00	TRANSLATION
12385	1	18	-38.9	2.4	0.00	TRANSLATION
12387	1	13	-40.2	2.3	0.00	TRANSLATION
12390	1	15	-39.9	2.0	0.00	TRANSLATION
12545	0	27	+65.0	7.7	0.00	TRANSLATION
12735	1	19	-37.8	2.6	0.00	TRANSLATION
12739	1	19	-37.8	3.1	0.00	TRANSLATION
12792	0	17	-43.0	5.0	0.00	TRANSLATION
12924	1	110	-37.6	3.5	0.00	TRANSLATION
12926	1	15	-38.7	2.9	0.00	TRANSLATION
12962	1	21	-38.3	1.1	0.00	TRANSLATION
12963	1	22	-37.3	2.0	0.00	TRANSLATION
12964	1	19	-37.4	2.3	0.00	TRANSLATION
12965	1	22	-38.4	1.7	0.00	TRANSLATION
12968	1	18	-38.4	2.3	0.00	TRANSLATION
12969	1	18	-38.3	2.3	0.00	TRANSLATION
12970	1	22	-38.2	1.7	0.00	TRANSLATION
12971	1	23	-37.8	2.0	0.00	TRANSLATION
12973	1	23	-38.3	2.0	0.00	TRANSLATION
12975	1	21	-38.2	1.9	0.00	TRANSLATION
12976	1	19	-38.3	1.8	0.00	TRANSLATION
12977	1	19	-38.2	2.1	0.00	TRANSLATION
12978	1	23	-38.2	1.2	0.00	TRANSLATION
12983	1	20	-37.4	1.6	0.00	TRANSLATION
12992	1	12	-38.4	1.8	0.00	TRANSLATION
12994	1	20	-38.5	2.5	0.00	TRANSLATION
12996	1	24	-38.1	1.6	0.00	TRANSLATION
13001	1	18	-38.3	2.6	0.00	TRANSLATION
13004	1	16	-38.3	2.7	0.00	TRANSLATION
13005	1	20	-38.2	1.6	0.00	TRANSLATION
13185	1	34	-39.3	3.3	0.00	TRANSLATION
13259	1	26	-39.9	4.6	0.00	TRANSLATION
13330	1	28	-39.2	3.6	0.00	TRANSLATION
13427	1	62	-37.6	2.1	0.00	TRANSLATION
13550	1	55	-41.7	13.1	0.09	MIXTURE
13764	1	19	-36.6	4.1	0.00	TRANSLATION
13788	1	18	-40.1	3.4	0.00	TRANSLATION
13901	1	22	-37.4	1.5	0.00	TRANSLATION
14017	1	89	-37.4	2.5	0.00	TRANSLATION
14189	1	27	-38.0	1.3	0.00	TRANSLATION
14255	1	24	-40.6	2.4	0.00	TRANSLATION
14531	1	22	-37.6	1.6	0.00	TRANSLATION
14555	1	20	-37.6	1.4	0.00	TRANSLATION
14574	1	18	-37.9	2.5	0.00	TRANSLATION
14790	1	30	-38.2	2.8	0.00	TRANSLATION
14803	1	107	-49.5	1.9	0.00	TRANSLATION
14924	1	19	-38.3	2.9	0.00	TRANSLATION
14975	0	45	+12.8	26.2	0.56	MIXTURE
15060	1	15	-41.1	5.8	0.00	TRANSLATION
15239	1	23	-40.2	2.1	0.00	TRANSLATION
15345	1	16	-39.0	2.6	0.00	TRANSLATION
15466	1	32	-40.1	3.3	0.00	TRANSLATION
15845	1	33	+63.4	9.8	0.00	TRANSLATION
15848	1	16	-38.9	4.3	0.00	TRANSLATION
15927	1	35	-39.6	2.3	0.00	TRANSLATION
16080	1	31	-38.3	3.1	0.00	TRANSLATION
16153	1	45	-38.5	1.9	0.00	TRANSLATION
16292	1	33	+72.8	30.8	0.03	MIXTURE
16594	1	24	-41.5	14.9	0.00	MIXTURE
17303	1	26	-37.2	5.1	0.00	TRANSLATION
17453	0	16	-40.2	2.5	0.12	TRANSLATION
17556	1	18	-38.5	3.8	0.06	TRANSLATION
17643	1	12	-38.6	2.7	0.00	TRANSLATION
17828	1	74	-37.3	5.0	0.00	TRANSLATION
17837	1	15	-41.1	4.2	0.00	TRANSLATION
17923	1	82	-38.1	2.8	0.00	TRANSLATION
18020	1	15	-40.1	4.2	0.00	TRANSLATION
18218	1	20	-38.4	5.3	0.00	TRANSLATION
18244	1	53	+80.4	21.2	0.00	MIXTURE
18290	1	35	-41.4	4.6	0.00	TRANSLATION
18396	1	30	-39.2	3.2	0.00	TRANSLATION
18482	1	26	-39.4	2.1	0.00	TRANSLATION
18672	1	94	-37.3	2.5	0.00	TRANSLATION
18730	1	108	-38.7	2.6	0.01	TRANSLATION
18750	1	20	-41.1	4.0	0.00	TRANSLATION
18751	1	78	-39.4	2.7	0.00	TRANSLATION
18813	1	32	-38.4	4.3	0.00	TRANSLATION
18909	1	18	-38.9	2.2	0.00	TRANSLATION
18962	3	27	-38.8	3.6	0.00	TRANSLATION
19090	1	26	-39.7	2.8	0.00	TRANSLATION
19107	1	64	-39.2	3.5	0.00	TRANSLATION
19162	1	15	-41.1	2.3	0.00	TRANSLATION
19213	1	72	-36.6	2.3	0.00	TRANSLATION
19256	1	29	-37.9	2.6	0.00	TRANSLATION
19307	1	75	-38.4	3.7	0.00	TRANSLATION
19323	1	61	-39.7	3.9	0.00	TRANSLATION
19449	1	42	-38.2	3.9	0.02	TRANSLATION
19454	1	18	+80.7	18.5	0.00	MIXTURE
19457	1	23	-42.6	5.1	0.00	TRANSLATION
19484	3	38	+63.5	36.0	0.16	MIXTURE
19553	3	42	-37.3	3.0	0.00	TRANSLATION
19602	1	15	-38.5	5.3	0.00	TRANSLATION
19982	1	39	-40.0	3.4	0.00	TRANSLATION
20055	1	36	-38.0	2.2	0.00	TRANSLATION
20067	1	13	-39.9	2.6	0.00	TRANSLATION
20130	1	13	-39.9	5.1	0.00	TRANSLATION
20437	1	44	-37.6	3.5	0.00	TRANSLATION
20471	1	38	-37.2	3.1	0.00	TRANSLATION
20538	1	19	-44.6	1.9	0.00	TRANSLATION
20544	1	23	-39.4	2.3	0.00	TRANSLATION
20646	1	29	-37.9	3.2	0.00	TRANSLATION
20747	1	36	-39.4	5.4	0.00	TRANSLATION
20750	1	15	-41.6	4.0	0.00	TRANSLATION
20788	1	18	-36.3	6.3	0.06	TRANSLATION
20793	1	55	-37.0	3.3	0.02	TRANSLATION
20844	1	21	-39.2	3.5	0.00	TRANSLATION
20925	1	145	-37.9	3.2	0.01	TRANSLATION
21016	1	125	-39.3	2.0	0.01	TRANSLATION
21029	1	24	-40.4	3.6	0.00	TRANSLATION
21343	3	46	+67.8	66.9	0.28	MIXTURE
21490	1	59	-39.3	4.6	0.00	TRANSLATION
21586	3	18	-39.1	2.9	0.00	TRANSLATION
21611	1	14	+52.9	34.5	0.14	MIXTURE
21732	1	36	-40.5	3.9	0.00	TRANSLATION
21901	96814	104	-39.4	2.1	0.00	TRANSLATION
21909	0	26	-44.3	2.4	0.00	TRANSLATION
22043	1	23	+25.4	77.3	0.48	MIXTURE
22062	1	16	+61.1	17.2	0.00	MIXTURE
22331	1	12	-40.3	1.5	0.00	TRANSLATION
22451	1	28	-39.8	4.3	0.00	TRANSLATION
22563	1	80	-39.0	2.3	0.01	TRANSLATION
22655	1	44	-38.9	3.5	0.02	TRANSLATION
22849	1	79	-38.0	3.0	0.00	TRANSLATION
22861	1	99	-38.3	3.7	0.00	TRANSLATION
22896	1	98	-38.4	2.8	0.00	TRANSLATION
22936	1	247	-49.3	1.9	0.00	TRANSLATION
23041	1	20	-39.8	4.1	0.00	TRANSLATION
23089	1	78	-39.6	3.1	0.00	TRANSLATION
23187	1	16	+66.6	15.3	0.00	MIXTURE
23342	1	65	-38.0	5.4	0.00	TRANSLATION
23469	1	19	-37.4	5.6	0.00	TRANSLATION
23519	3	35	+54.4	70.9	0.31	MIXTURE
23638	1	92	-39.1	3.6	0.00	TRANSLATION
23643	1	45	-38.6	3.8	0.02	TRANSLATION
23707	1	80	-37.4	5.4	0.00	TRANSLATION
23719	1	41	-38.5	3.9	0.00	TRANSLATION
23857	1	97	-38.6	3.3	0.00	TRANSLATION
23938	1	13	-39.4	1.6	0.00	TRANSLATION
23974	1	13	-37.0	5.4	0.08	TRANSLATION
24029	3	35	-39.0	2.6	0.00	TRANSLATION
24074	1	38	-38.0	3.1	0.00	TRANSLATION
24164	3	13	-38.4	3.5	0.00	TRANSLATION
24175	1	68	-41.5	3.1	0.00	TRANSLATION
24302	1	22	-39.3	5.9	0.00	TRANSLATION
24332	1	33	-39.3	2.7	0.03	TRANSLATION
24470	1	96	-39.0	3.6	0.00	TRANSLATION
24483	1	46	-38.1	3.1	0.00	TRANSLATION
24538	1	58	-42.9	2.3	0.00	TRANSLATION
24684	1	35	-39.6	3.2	0.00	TRANSLATION
24735	1	27	-39.4	4.7	0.00	TRANSLATION
24932	1	28	+65.3	20.5	0.00	MIXTURE
25041	1	17	-39.2	5.1	0.00	TRANSLATION
25179	1	13	-39.0	3.3	0.00	TRANSLATION
25211	1	16	-38.9	1.7	0.00	TRANSLATION
25234	1	80	-38.4	3.4	0.00	TRANSLATION
25435	3	69	-41.8	5.3	0.00	TRANSLATION
25528	1	47	+65.1	59.4	0.21	MIXTURE
25912	1	35	-39.8	7.4	0.03	TRANSLATION
25925	1	76	-39.0	3.6	0.00	TRANSLATION
26006	1	42	-39.6	4.1	0.00	TRANSLATION
26070	1	60	-39.9	2.9	0.00	TRANSLATION
26074	0	33	+66.0	9.7	0.00	TRANSLATION
26082	1	44	-39.3	5.2	0.00	TRANSLATION
26083	1	65	-40.1	3.9	0.00	TRANSLATION
26121	1	16	+61.7	20.6	0.00	MIXTURE
26318	1	31	-41.3	4.8	0.00	TRANSLATION
26323	2	21	+59.5	10.9	0.00	MIXTURE
26359	0	69	+66.5	9.2	0.00	TRANSLATION
26359	2	30	+65.0	9.0	0.00	TRANSLATION
26378	1	41	-38.6	4.3	0.00	TRANSLATION
26521	1	58	-39.8	3.3	0.00	TRANSLATION
26524	1	16	-41.4	2.1	0.00	TRANSLATION
26758	3	99	-38.6	3.4	0.00	TRANSLATION
26846	1	53	-38.7	3.0	0.00	TRANSLATION
26902	1	16	-45.0	6.4	0.00	TRANSLATION
26940	1	32	-40.1	2.6	0.00	TRANSLATION
27020	1	203	-51.9	2.6	0.00	TRANSLATION
27061	1	47	+61.6	39.2	0.00	MIXTURE
27066	1	16	-44.8	3.3	0.00	TRANSLATION
27095	1	47	+61.6	39.2	0.00	MIXTURE
27122	1	79	-40.7	3.5	0.01	TRANSLATION
27141	1	62	-40.8	4.1	0.00	TRANSLATION
27201	1	34	-37.1	5.3	0.00	TRANSLATION
27213	1	44	+68.5	11.0	0.00	MIXTURE
27802	120956	33	-37.6	2.3	0.00	TRANSLATION
32725	141981	48	-40.4	4.2	0.00	TRANSLATION
33116	143724	20	-46.8	26.1	0.05	MIXTURE
34600	279319	133	-54.3	2.1	0.00	TRANSLATION
34884	151327	24	-38.4	6.0	0.17	TRANSLATION
34884	151329	15	-39.1	9.8	0.20	TRANSLATION
35666	175628	33	-46.1	5.8	0.00	TRANSLATION
38753	166556	36	-40.8	2.8	0.00	TRANSLATION
38869	167012	66	-40.4	2.4	0.00	TRANSLATION
41563	178604	21	-39.1	4.5	0.00	TRANSLATION
42993	185304	51	-44.0	4.3	0.00	TRANSLATION
42993	185305	21	-45.9	4.8	0.00	TRANSLATION
50280	214276	23	-33.7	7.2	0.00	TRANSLATION
50280	214277	23	-37.1	4.9	0.00	TRANSLATION
50928	216949	29	-43.6	2.1	0.00	TRANSLATION
52567	223756	22	-44.9	3.4	0.00	TRANSLATION
53287	301522	19	-35.0	6.6	0.00	TRANSLATION
53287	301523	20	-36.7	8.0	0.10	TRANSLATION
57339	271385	25	-38.9	4.3	0.16	TRANSLATION
57377	245655	18	-38.6	1.4	0.06	TRANSLATION
58472	250310	18	-38.5	3.4	0.06	TRANSLATION
61405	275187	40	-41.0	7.3	0.00	TRANSLATION
61405	275188	19	-38.4	4.4	0.00	TRANSLATION
62585	302185	23	-54.3	2.7	0.00	TRANSLATION
65728	284059	13	-54.1	4.6	0.00	TRANSLATION
71699	295014	112	-40.9	7.0	0.00	TRANSLATION
76680	304949	13	-36.5	4.5	0.00	TRANSLATION
83982	330068	15	-48.8	5.8	0.13	TRANSLATION
87089	345416	31	-38.6	3.2	0.00	TRANSLATION
87089	345417	36	-37.9	7.2	0.00	TRANSLATION
90197	384796	16	-45.1	5.5	0.00	TRANSLATION
92401	364823	19	-37.2	5.2	0.00	TRANSLATION
92983	367376	104	-39.7	3.0	0.00	TRANSLATION
102555	404948	65	+18.6	45.4	0.40	MIXTURE
103109	452752	91	-47.0	6.2	0.00	TRANSLATION
103109	452753	89	-45.8	5.6	0.00	TRANSLATION
105175	414042	51	-38.6	6.4	0.00	TRANSLATION
105175	414043	31	-39.7	4.1	0.00	TRANSLATION
105805	458294	16	-50.5	50.7	0.38	MIXTURE
105805	458295	15	-45.6	45.2	0.33	MIXTURE
107122	423078	19	-39.1	6.2	0.00	TRANSLATION
112778	447458	21	-52.4	4.1	0.00	TRANSLATION
116110	464290	51	-40.0	4.6	0.00	TRANSLATION
116164	464613	65	-38.4	4.0	0.00	TRANSLATION
116573	466934	66	-38.3	2.8	0.00	TRANSLATION
116992	468789	93	-45.7	4.3	0.00	TRANSLATION
119612	506390	124	-43.9	4.7	0.00	TRANSLATION
122945	494162	57	-41.3	5.2	0.02	TRANSLATION
122945	494164	27	-43.0	3.9	0.00	TRANSLATION
124404	500338	41	-39.0	3.9	0.02	TRANSLATION
126487	585534	16	-38.6	9.2	0.00	TRANSLATION
128575	522421	51	-39.2	3.8	0.00	TRANSLATION
130220	529755	18	-39.5	4.6	0.00	TRANSLATION
130490	531077	63	-43.7	5.6	0.00	TRANSLATION
136216	559620	46	-39.6	3.6	0.00	TRANSLATION
136216	559621	46	-40.3	3.5	0.00	TRANSLATION
136216	559622	32	-40.8	3.8	0.00	TRANSLATION
136216	559623	22	-41.2	2.8	0.00	TRANSLATION
138883	575045	25	-41.8	9.6	0.00	TRANSLATION
138967	575683	21	-51.2	8.8	0.00	TRANSLATION
139716	580398	19	-62.3	1.9	0.00	TRANSLATION
140464	585004	19	-38.0	5.0	0.00	TRANSLATION
140581	585756	19	-46.7	2.7	0.00	TRANSLATION
141136	589275	19	-41.0	3.4	0.00	TRANSLATION
141892	593758	65	-40.5	5.1	0.00	TRANSLATION
141892	593762	65	-40.4	3.6	0.00	TRANSLATION
142033	594587	92	-39.5	4.7	0.00	TRANSLATION
142033	594590	28	-38.8	3.6	0.00	TRANSLATION
142044	594644	76	-43.7	3.5	0.00	TRANSLATION
142044	594646	22	-42.3	2.7	0.00	TRANSLATION
142146	595166	53	-43.0	3.8	0.00	TRANSLATION
142146	595169	43	-42.3	4.2	0.00	TRANSLATION
142483	597135	26	-49.7	5.3	0.00	TRANSLATION
142483	597136	30	-47.3	4.2	0.00	TRANSLATION
143949	604250	16	-39.0	3.0	0.00	TRANSLATION
146710	624224	16	-41.4	18.2	0.12	MIXTURE
147090	635926	34	-37.1	4.0	0.00	TRANSLATION
151719	629322	55	-46.5	6.5	0.00	TRANSLATION
151719	629323	30	-45.7	1.8	0.00	TRANSLATION
162731	673134	31	-52.5	4.1	0.00	TRANSLATION
163795	676377	32	-37.2	7.8	0.00	TRANSLATION
163795	676378	14	-39.0	4.1	0.00	TRANSLATION
168935	698739	33	-40.8	3.6	0.00	TRANSLATION
168935	698743	40	-40.6	3.1	0.00	TRANSLATION
174759	717161	20	-39.1	4.2	0.00	TRANSLATION
174765	717166	15	-37.9	6.8	0.00	TRANSLATION
176914	724206	34	-44.0	4.3	0.00	TRANSLATION
193001	807098	394	-53.1	62.6	0.46	MIXTURE
195560	786211	33	-38.8	4.9	0.00	TRANSLATION
197447	791238	13	-44.6	3.7	0.00	TRANSLATION
197513	791357	21	+92.4	26.8	0.00	MIXTURE
197513	791358	19	+82.7	36.3	0.00	MIXTURE
197776	792428	14	-46.9	7.7	0.00	TRANSLATION
197776	792430	27	-42.4	4.4	0.00	TRANSLATION
197776	792431	17	-42.7	2.0	0.00	TRANSLATION
198624	795850	54	-39.7	3.7	0.04	TRANSLATION
199300	798809	16	+116.4	18.3	0.00	MIXTURE
200198	802861	19	-36.8	3.3	0.00	TRANSLATION
203074	814068	31	-50.8	4.0	0.00	TRANSLATION
204027	818406	25	-44.0	3.6	0.00	TRANSLATION
213088	850001	15	-50.5	4.7	0.00	TRANSLATION
215308	859187	23	-38.1	3.5	0.00	TRANSLATION
219105	877148	21	-42.9	2.7	0.00	TRANSLATION
229610	915456	73	-37.6	4.4	0.00	TRANSLATION
229610	915457	46	-37.6	3.8	0.00	TRANSLATION
232597	928567	209	-40.3	4.6	0.00	TRANSLATION
233695	933689	25	+61.9	9.3	0.00	TRANSLATION
237804	950578	17	-50.7	1.3	0.00	TRANSLATION
243247	969385	20	-42.9	3.4	0.00	TRANSLATION
243768	971156	42	-38.4	4.1	0.00	TRANSLATION
244377	973047	41	-41.3	4.3	0.00	TRANSLATION
249257	990876	64	-39.1	3.0	0.00	TRANSLATION
249661	992602	34	-38.1	3.6	0.00	TRANSLATION
251230	1009512	18	-38.4	3.1	0.00	TRANSLATION
255603	1016469	50	+59.8	12.3	0.00	MIXTURE
256239	1051013	47	-41.4	3.4	0.00	TRANSLATION
259219	1029166	24	-41.9	3.9	0.00	TRANSLATION
259219	1029167	34	-39.8	6.2	0.00	TRANSLATION
270086	1075180	42	-52.3	1.4	0.00	TRANSLATION
